z_mm,z_over_L,W_g,T_C,T_K,X_MeOH,y_CH3OH,y_DME,y_H2O,F_CH3OH_mol_h,F_DME_mol_h,F_H2O_mol_h
0.0000,0.000000,0.00000,200.0000,473.1500,0.000000,1.00000000,0.00000000,0.00000000,2.20250725e+01,0.00000000e+00,0.00000000e+00
0.2500,0.001667,0.03921,200.2008,473.3508,0.001039,0.99896095,0.00051953,0.00051953,2.20021873e+01,1.14425982e-02,1.14425982e-02
0.5000,0.003333,0.07841,200.4035,473.5535,0.002089,0.99791114,0.00104443,0.00104443,2.19790653e+01,2.30036269e-02,2.30036269e-02
0.7500,0.005000,0.11762,200.6083,473.7583,0.003150,0.99685037,0.00157482,0.00157482,2.19557016e+01,3.46854443e-02,3.46854443e-02
1.0000,0.006667,0.15683,200.8151,473.9651,0.004222,0.99577840,0.00211080,0.00211080,2.19320916e+01,4.64904780e-02,4.64904780e-02
1.2500,0.008333,0.19604,201.0241,474.1741,0.005305,0.99469503,0.00265249,0.00265249,2.19082301e+01,5.84212271e-02,5.84212271e-02
1.5000,0.010000,0.23524,201.2351,474.3851,0.006400,0.99360000,0.00320000,0.00320000,2.18841120e+01,7.04802657e-02,7.04802657e-02
1.7500,0.011667,0.27445,201.4484,474.5984,0.007507,0.99249308,0.00375346,0.00375346,2.18597320e+01,8.26702458e-02,8.26702458e-02
2.0000,0.013333,0.31366,201.6639,474.8139,0.008626,0.99137402,0.00431299,0.00431299,2.18350847e+01,9.49939003e-02,9.49939003e-02
2.2500,0.015000,0.35286,201.8817,475.0317,0.009757,0.99024257,0.00487871,0.00487871,2.18101644e+01,1.07454046e-01,1.07454046e-01
2.5000,0.016667,0.39207,202.1018,475.2518,0.010902,0.98909846,0.00545077,0.00545077,2.17849653e+01,1.20053588e-01,1.20053588e-01
2.7500,0.018333,0.43128,202.3243,475.4743,0.012059,0.98794142,0.00602929,0.00602929,2.17594815e+01,1.32795521e-01,1.32795521e-01
3.0000,0.020000,0.47048,202.5492,475.6992,0.013229,0.98677117,0.00661441,0.00661441,2.17337066e+01,1.45682937e-01,1.45682937e-01
3.2500,0.021667,0.50969,202.7766,475.9266,0.014413,0.98558742,0.00720629,0.00720629,2.17076345e+01,1.58719025e-01,1.58719025e-01
3.5000,0.023333,0.54890,203.0066,476.1566,0.015610,0.98438987,0.00780506,0.00780506,2.16812584e+01,1.71907079e-01,1.71907079e-01
3.7500,0.025000,0.58811,203.2391,476.3891,0.016822,0.98317822,0.00841089,0.00841089,2.16545715e+01,1.85250498e-01,1.85250498e-01
4.0000,0.026667,0.62731,203.4742,476.6242,0.018048,0.98195213,0.00902393,0.00902393,2.16275669e+01,1.98752796e-01,1.98752796e-01
4.2500,0.028333,0.66652,203.7121,476.8621,0.019289,0.98071129,0.00964435,0.00964435,2.16002373e+01,2.12417602e-01,2.12417602e-01
4.5000,0.030000,0.70573,203.9527,477.1027,0.020545,0.97945535,0.01027232,0.01027232,2.15725752e+01,2.26248670e-01,2.26248670e-01
4.7500,0.031667,0.74493,204.1961,477.3461,0.021816,0.97818396,0.01090802,0.01090802,2.15445728e+01,2.40249880e-01,2.40249880e-01
5.0000,0.033333,0.78414,204.4425,477.5925,0.023103,0.97689676,0.01155162,0.01155162,2.15162220e+01,2.54425245e-01,2.54425245e-01
5.2500,0.035000,0.82335,204.6918,477.8418,0.024407,0.97559337,0.01220332,0.01220332,2.14875147e+01,2.68778919e-01,2.68778919e-01
5.5000,0.036667,0.86256,204.9441,478.0941,0.025727,0.97427339,0.01286330,0.01286330,2.14584421e+01,2.83315204e-01,2.83315204e-01
5.7500,0.038333,0.90176,205.1995,478.3495,0.027064,0.97293643,0.01353179,0.01353179,2.14289954e+01,2.98038552e-01,2.98038552e-01
6.0000,0.040000,0.94097,205.4581,478.6081,0.028418,0.97158206,0.01420897,0.01420897,2.13991654e+01,3.12953577e-01,3.12953577e-01
6.2500,0.041667,0.98018,205.7200,478.8700,0.029790,0.97020985,0.01489507,0.01489507,2.13689424e+01,3.28065061e-01,3.28065061e-01
6.5000,0.043333,1.01938,205.9852,479.1352,0.031181,0.96881936,0.01559032,0.01559032,2.13383166e+01,3.43377961e-01,3.43377961e-01
6.7500,0.045000,1.05859,206.2538,479.4038,0.032590,0.96741010,0.01629495,0.01629495,2.13072777e+01,3.58897421e-01,3.58897421e-01
7.0000,0.046667,1.09780,206.5259,479.6759,0.034018,0.96598161,0.01700920,0.01700920,2.12758150e+01,3.74628776e-01,3.74628776e-01
7.2500,0.048333,1.13701,206.8016,479.9516,0.035467,0.96453337,0.01773332,0.01773332,2.12439174e+01,3.90577566e-01,3.90577566e-01
7.5000,0.050000,1.17621,207.0810,480.2310,0.036935,0.96306486,0.01846757,0.01846757,2.12115734e+01,4.06749545e-01,4.06749545e-01
7.7500,0.051667,1.21542,207.3641,480.5141,0.038424,0.96157555,0.01921223,0.01921223,2.11787711e+01,4.23150691e-01,4.23150691e-01
8.0000,0.053333,1.25463,207.6512,480.8012,0.039935,0.96006486,0.01996757,0.01996757,2.11454981e+01,4.39787221e-01,4.39787221e-01
8.2500,0.055000,1.29383,207.9422,481.0922,0.041468,0.95853220,0.02073390,0.02073390,2.11117413e+01,4.56665597e-01,4.56665597e-01
8.5000,0.056667,1.33304,208.2373,481.3873,0.043023,0.95697698,0.02151151,0.02151151,2.10774874e+01,4.73792547e-01,4.73792547e-01
8.7500,0.058333,1.37225,208.5366,481.6866,0.044601,0.95539855,0.02230072,0.02230072,2.10427224e+01,4.91175072e-01,4.91175072e-01
9.0000,0.060000,1.41145,208.8403,481.9903,0.046204,0.95379625,0.02310187,0.02310187,2.10074316e+01,5.08820468e-01,5.08820468e-01
9.2500,0.061667,1.45066,209.1483,482.2983,0.047831,0.95216939,0.02391531,0.02391531,2.09715998e+01,5.26736337e-01,5.26736337e-01
9.5000,0.063333,1.48987,209.4610,482.6110,0.049483,0.95051725,0.02474138,0.02474138,2.09352113e+01,5.44930602e-01,5.44930602e-01
9.7500,0.065000,1.52908,209.7783,482.9283,0.051161,0.94883908,0.02558046,0.02558046,2.08982494e+01,5.63411537e-01,5.63411537e-01
10.0000,0.066667,1.56828,210.1005,483.2505,0.052866,0.94713409,0.02643296,0.02643296,2.08606970e+01,5.82187771e-01,5.82187771e-01
10.2500,0.068333,1.60749,210.4277,483.5777,0.054599,0.94540147,0.02729927,0.02729927,2.08225359e+01,6.01268321e-01,6.01268321e-01
10.5000,0.070000,1.64670,210.7600,483.9100,0.056360,0.94364036,0.02817982,0.02817982,2.07837473e+01,6.20662613e-01,6.20662613e-01
10.7500,0.071667,1.68590,211.0976,484.2476,0.058150,0.94184986,0.02907507,0.02907507,2.07443115e+01,6.40380499e-01,6.40380499e-01
11.0000,0.073333,1.72511,211.4407,484.5907,0.059971,0.94002905,0.02998548,0.02998548,2.07042079e+01,6.60432293e-01,6.60432293e-01
11.2500,0.075000,1.76432,211.7894,484.9394,0.061823,0.93817693,0.03091153,0.03091153,2.06634149e+01,6.80828794e-01,6.80828794e-01
11.5000,0.076667,1.80353,212.1439,485.2939,0.063708,0.93629249,0.03185376,0.03185376,2.06219099e+01,7.01581315e-01,7.01581315e-01
11.7500,0.078333,1.84273,212.5044,485.6544,0.065625,0.93437463,0.03281268,0.03281268,2.05796691e+01,7.22701719e-01,7.22701719e-01
12.0000,0.080000,1.88194,212.8711,486.0211,0.067578,0.93242225,0.03378888,0.03378888,2.05366676e+01,7.44202455e-01,7.44202455e-01
12.2500,0.081667,1.92115,213.2442,486.3942,0.069566,0.93043414,0.03478293,0.03478293,2.04928793e+01,7.66096591e-01,7.66096591e-01
12.5000,0.083333,1.96035,213.6239,486.7739,0.071591,0.92840906,0.03579547,0.03579547,2.04482768e+01,7.88397864e-01,7.88397864e-01
12.7500,0.085000,1.99956,214.0105,487.1605,0.073654,0.92634569,0.03682715,0.03682715,2.04028311e+01,8.11120718e-01,8.11120718e-01
13.0000,0.086667,2.03877,214.4042,487.5542,0.075757,0.92424267,0.03787867,0.03787867,2.03565118e+01,8.34280354e-01,8.34280354e-01
13.2500,0.088333,2.07798,214.8052,487.9552,0.077901,0.92209853,0.03895074,0.03895074,2.03092869e+01,8.57892786e-01,8.57892786e-01
13.5000,0.090000,2.11718,215.2138,488.3638,0.080088,0.91991174,0.04004413,0.04004413,2.02611227e+01,8.81974895e-01,8.81974895e-01
13.7500,0.091667,2.15639,215.6303,488.7803,0.082319,0.91768068,0.04115966,0.04115966,2.02119835e+01,9.06544494e-01,9.06544494e-01
14.0000,0.093333,2.19560,216.0550,489.2050,0.084596,0.91540365,0.04229818,0.04229818,2.01618317e+01,9.31620394e-01,9.31620394e-01
14.2500,0.095000,2.23480,216.4882,489.6382,0.086921,0.91307883,0.04346058,0.04346058,2.01106276e+01,9.57222482e-01,9.57222482e-01
14.5000,0.096667,2.27401,216.9303,490.0803,0.089296,0.91070433,0.04464783,0.04464783,2.00583289e+01,9.83371800e-01,9.83371800e-01
14.7500,0.098333,2.31322,217.3815,490.5315,0.091722,0.90827811,0.04586094,0.04586094,2.00048912e+01,1.01009064e+00,1.01009064e+00
15.0000,0.100000,2.35242,217.8423,490.9923,0.094202,0.90579803,0.04710099,0.04710099,1.99502673e+01,1.03740263e+00,1.03740263e+00
15.2500,0.101667,2.39163,218.3130,491.4630,0.096738,0.90326181,0.04836910,0.04836910,1.98944068e+01,1.06533285e+00,1.06533285e+00
15.5000,0.103333,2.43084,218.7941,491.9441,0.099333,0.90066703,0.04966649,0.04966649,1.98372566e+01,1.09390797e+00,1.09390797e+00
15.7500,0.105000,2.47005,219.2860,492.4360,0.101989,0.89801111,0.05099444,0.05099444,1.97787599e+01,1.12315633e+00,1.12315633e+00
16.0000,0.106667,2.50925,219.7892,492.9392,0.104709,0.89529132,0.05235434,0.05235434,1.97188562e+01,1.15310815e+00,1.15310815e+00
16.2500,0.108333,2.54846,220.3042,493.4542,0.107495,0.89250472,0.05374764,0.05374764,1.96574812e+01,1.18379564e+00,1.18379564e+00
16.5000,0.110000,2.58767,220.8315,493.9815,0.110352,0.88964820,0.05517590,0.05517590,1.95945661e+01,1.21525319e+00,1.21525319e+00
16.7500,0.111667,2.62687,221.3717,494.5217,0.113282,0.88671841,0.05664079,0.05664079,1.95300374e+01,1.24751758e+00,1.24751758e+00
17.0000,0.113333,2.66608,221.9254,495.0754,0.116288,0.88371178,0.05814411,0.05814411,1.94638161e+01,1.28062822e+00,1.28062822e+00
17.2500,0.115000,2.70529,222.4933,495.6433,0.119376,0.88062447,0.05968776,0.05968776,1.93958179e+01,1.31462733e+00,1.31462733e+00
17.5000,0.116667,2.74450,223.0761,496.2261,0.122548,0.87745236,0.06127382,0.06127382,1.93259520e+01,1.34956028e+00,1.34956028e+00
17.7500,0.118333,2.78370,223.6745,496.8245,0.125809,0.87419103,0.06290449,0.06290449,1.92541208e+01,1.38547587e+00,1.38547587e+00
18.0000,0.120000,2.82291,224.2893,497.4393,0.129164,0.87083569,0.06458216,0.06458216,1.91802191e+01,1.42242669e+00,1.42242669e+00
18.2500,0.121667,2.86212,224.9214,498.0714,0.132619,0.86738119,0.06630941,0.06630941,1.91041335e+01,1.46046951e+00,1.46046951e+00
18.5000,0.123333,2.90132,225.5718,498.7218,0.136178,0.86382195,0.06808902,0.06808902,1.90257411e+01,1.49966569e+00,1.49966569e+00
18.7500,0.125000,2.94053,226.2415,499.3915,0.139848,0.86015195,0.06992403,0.06992403,1.89449090e+01,1.54008176e+00,1.54008176e+00
19.0000,0.126667,2.97974,226.9316,500.0816,0.143635,0.85636461,0.07181769,0.07181769,1.88614927e+01,1.58178992e+00,1.58178992e+00
19.2500,0.128333,3.01894,227.6434,500.7934,0.147547,0.85245282,0.07377359,0.07377359,1.87753351e+01,1.62486870e+00,1.62486870e+00
19.5000,0.130000,3.05815,228.3780,501.5280,0.151591,0.84840878,0.07579561,0.07579561,1.86862650e+01,1.66940376e+00,1.66940376e+00
19.7500,0.131667,3.09736,229.1370,502.2870,0.155776,0.84422401,0.07788799,0.07788799,1.85940951e+01,1.71548871e+00,1.71548871e+00
20.0000,0.133333,3.13657,229.9219,503.0719,0.160111,0.83988919,0.08005541,0.08005541,1.84986203e+01,1.76322610e+00,1.76322610e+00
20.2500,0.135000,3.17577,230.7345,503.8845,0.164606,0.83539409,0.08230296,0.08230296,1.83996153e+01,1.81272859e+00,1.81272859e+00
20.5000,0.136667,3.21498,231.5766,504.7266,0.169273,0.83072744,0.08463628,0.08463628,1.82968320e+01,1.86412024e+00,1.86412024e+00
20.7500,0.138333,3.25419,232.4503,505.6003,0.174123,0.82587679,0.08706160,0.08706160,1.81899963e+01,1.91753811e+00,1.91753811e+00
21.0000,0.140000,3.29339,233.3579,506.5079,0.179172,0.82082837,0.08958582,0.08958582,1.80788043e+01,1.97313409e+00,1.97313409e+00
21.2500,0.141667,3.33260,234.3020,507.4520,0.184433,0.81556683,0.09221659,0.09221659,1.79629185e+01,2.03107702e+00,2.03107702e+00
21.5000,0.143333,3.37181,235.2854,508.4354,0.189925,0.81007507,0.09496247,0.09496247,1.78419621e+01,2.09155523e+00,2.09155523e+00
21.7500,0.145000,3.41102,236.3113,509.4613,0.195666,0.80433394,0.09783303,0.09783303,1.77155133e+01,2.15477961e+00,2.15477961e+00
22.0000,0.146667,3.45022,237.3833,510.5333,0.201678,0.79832191,0.10083904,0.10083904,1.75830981e+01,2.22098723e+00,2.22098723e+00
22.2500,0.148333,3.48943,238.5053,511.6553,0.207985,0.79201469,0.10399265,0.10399265,1.74441811e+01,2.29044572e+00,2.29044572e+00
22.5000,0.150000,3.52864,239.6820,512.8320,0.214615,0.78538472,0.10730764,0.10730764,1.72981555e+01,2.36345853e+00,2.36345853e+00
22.7500,0.151667,3.56784,240.9184,514.0684,0.221599,0.77840059,0.11079970,0.11079970,1.71443295e+01,2.44037150e+00,2.44037150e+00
23.0000,0.153333,3.60705,242.2204,515.3704,0.228974,0.77102634,0.11448683,0.11448683,1.69819110e+01,2.52158075e+00,2.52158075e+00
23.2500,0.155000,3.64626,243.5949,516.7449,0.236779,0.76322052,0.11838974,0.11838974,1.68099873e+01,2.60754263e+00,2.60754263e+00
23.5000,0.156667,3.68547,245.0496,518.1996,0.245065,0.75493511,0.12253245,0.12253245,1.66275005e+01,2.69878603e+00,2.69878603e+00
23.7500,0.158333,3.72467,246.5935,519.7435,0.253886,0.74611407,0.12694297,0.12694297,1.64332165e+01,2.79592803e+00,2.79592803e+00
24.0000,0.160000,3.76388,248.2375,521.3875,0.263308,0.73669156,0.13165422,0.13165422,1.62256850e+01,2.89969376e+00,2.89969376e+00
24.2500,0.161667,3.80309,249.9939,523.1439,0.273410,0.72658959,0.13670520,0.13670520,1.60031885e+01,3.01094203e+00,3.01094203e+00
24.5000,0.163333,3.84229,251.8777,525.0277,0.284285,0.71571501,0.14214249,0.14214249,1.57636751e+01,3.13069872e+00,3.13069872e+00
24.7500,0.165000,3.88150,253.9069,527.0569,0.296044,0.70395551,0.14802225,0.14802225,1.55046711e+01,3.26020071e+00,3.26020071e+00
25.0000,0.166667,3.92071,256.1031,529.2531,0.308826,0.69117425,0.15441287,0.15441287,1.52231631e+01,3.40095473e+00,3.40095473e+00
25.2500,0.168333,3.95991,258.4930,531.6430,0.322797,0.67720270,0.16139865,0.16139865,1.49154386e+01,3.55481695e+00,3.55481695e+00
25.5000,0.170000,3.99912,261.1095,534.2595,0.338169,0.66183064,0.16908468,0.16908468,1.45768679e+01,3.72410230e+00,3.72410230e+00
25.7500,0.171667,4.03833,263.9941,537.1441,0.355208,0.64479235,0.17760383,0.17760383,1.42015982e+01,3.91173715e+00,3.91173715e+00
26.0000,0.173333,4.07754,267.1995,540.3495,0.374253,0.62574697,0.18712651,0.18712651,1.37821225e+01,4.12147501e+00,4.12147501e+00
26.2500,0.175000,4.11674,270.7939,543.9439,0.395750,0.60425048,0.19787476,0.19787476,1.33086607e+01,4.35820589e+00,4.35820589e+00
26.5000,0.176667,4.15595,274.8667,548.0167,0.420285,0.57971512,0.21014244,0.21014244,1.27682675e+01,4.62840253e+00,4.62840253e+00
26.7500,0.178333,4.19516,279.5365,552.6865,0.448649,0.55135123,0.22432438,0.22432438,1.21435508e+01,4.94076085e+00,4.94076085e+00
27.0000,0.180000,4.23436,284.9621,558.1121,0.481913,0.51808706,0.24095647,0.24095647,1.14109051e+01,5.30708372e+00,5.30708372e+00
27.2500,0.181667,4.27357,291.3542,564.5042,0.521527,0.47847299,0.26076350,0.26076350,1.05384023e+01,5.74333510e+00,5.74333510e+00
27.5000,0.183333,4.31278,298.9775,572.1275,0.569368,0.43063203,0.28468398,0.28468398,9.48470172e+00,6.27018540e+00,6.27018540e+00
27.7500,0.185000,4.35199,308.0988,581.2488,0.627455,0.37254506,0.31372747,0.31372747,8.20533190e+00,6.90987031e+00,6.90987031e+00
28.0000,0.186667,4.39119,318.7197,591.8697,0.696239,0.30376147,0.34811927,0.34811927,6.69036832e+00,7.66735210e+00,7.66735210e+00
28.2500,0.188333,4.43040,329.7184,602.8684,0.768754,0.23124625,0.38437687,0.38437687,5.09321548e+00,8.46592852e+00,8.46592852e+00
28.5000,0.190000,4.46961,337.9241,611.0741,0.823695,0.17630488,0.41184756,0.41184756,3.88312777e+00,9.07097238e+00,9.07097238e+00
28.7500,0.191667,4.50881,341.3629,614.5129,0.846931,0.15306921,0.42346540,0.42346540,3.37136042e+00,9.32685605e+00,9.32685605e+00
29.0000,0.193333,4.54802,342.2166,615.3666,0.852719,0.14728140,0.42635930,0.42635930,3.24388344e+00,9.39059454e+00,9.39059454e+00
29.2500,0.195000,4.58723,342.3858,615.5358,0.853867,0.14613334,0.42693333,0.42693333,3.21859750e+00,9.40323751e+00,9.40323751e+00
29.5000,0.196667,4.62644,342.4176,615.5676,0.854082,0.14591808,0.42704096,0.42704096,3.21385631e+00,9.40560810e+00,9.40560810e+00
29.7500,0.198333,4.66564,342.4234,615.5734,0.854122,0.14587816,0.42706092,0.42706092,3.21297716e+00,9.40604768e+00,9.40604768e+00
30.0000,0.200000,4.70485,342.4245,615.5745,0.854129,0.14587078,0.42706461,0.42706461,3.21281447e+00,9.40612903e+00,9.40612903e+00
30.2500,0.201667,4.74406,342.4247,615.5747,0.854131,0.14586941,0.42706529,0.42706529,3.21278436e+00,9.40614408e+00,9.40614408e+00
30.5000,0.203333,4.78326,342.4248,615.5748,0.854131,0.14586916,0.42706542,0.42706542,3.21277880e+00,9.40614686e+00,9.40614686e+00
30.7500,0.205000,4.82247,342.4248,615.5748,0.854131,0.14586911,0.42706544,0.42706544,3.21277777e+00,9.40614738e+00,9.40614738e+00
31.0000,0.206667,4.86168,342.4248,615.5748,0.854131,0.14586910,0.42706545,0.42706545,3.21277757e+00,9.40614748e+00,9.40614748e+00
31.2500,0.208333,4.90088,342.4248,615.5748,0.854131,0.14586910,0.42706545,0.42706545,3.21277753e+00,9.40614750e+00,9.40614750e+00
31.5000,0.210000,4.94009,342.4248,615.5748,0.854131,0.14586910,0.42706545,0.42706545,3.21277752e+00,9.40614750e+00,9.40614750e+00
31.7500,0.211667,4.97930,342.4248,615.5748,0.854131,0.14586910,0.42706545,0.42706545,3.21277752e+00,9.40614750e+00,9.40614750e+00
32.0000,0.213333,5.01851,342.4248,615.5748,0.854131,0.14586910,0.42706545,0.42706545,3.21277752e+00,9.40614750e+00,9.40614750e+00
32.2500,0.215000,5.05771,342.4248,615.5748,0.854131,0.14586910,0.42706545,0.42706545,3.21277752e+00,9.40614750e+00,9.40614750e+00
32.5000,0.216667,5.09692,342.4248,615.5748,0.854131,0.14586910,0.42706545,0.42706545,3.21277752e+00,9.40614750e+00,9.40614750e+00
32.7500,0.218333,5.13613,342.4248,615.5748,0.854131,0.14586910,0.42706545,0.42706545,3.21277752e+00,9.40614750e+00,9.40614750e+00
33.0000,0.220000,5.17533,342.4248,615.5748,0.854131,0.14586910,0.42706545,0.42706545,3.21277752e+00,9.40614750e+00,9.40614750e+00
33.2500,0.221667,5.21454,342.4248,615.5748,0.854131,0.14586910,0.42706545,0.42706545,3.21277752e+00,9.40614750e+00,9.40614750e+00
33.5000,0.223333,5.25375,342.4248,615.5748,0.854131,0.14586910,0.42706545,0.42706545,3.21277752e+00,9.40614750e+00,9.40614750e+00
33.7500,0.225000,5.29296,342.4248,615.5748,0.854131,0.14586910,0.42706545,0.42706545,3.21277752e+00,9.40614750e+00,9.40614750e+00
34.0000,0.226667,5.33216,342.4248,615.5748,0.854131,0.14586910,0.42706545,0.42706545,3.21277752e+00,9.40614750e+00,9.40614750e+00
34.2500,0.228333,5.37137,342.4248,615.5748,0.854131,0.14586910,0.42706545,0.42706545,3.21277752e+00,9.40614750e+00,9.40614750e+00
34.5000,0.230000,5.41058,342.4248,615.5748,0.854131,0.14586910,0.42706545,0.42706545,3.21277752e+00,9.40614750e+00,9.40614750e+00
34.7500,0.231667,5.44978,342.4248,615.5748,0.854131,0.14586910,0.42706545,0.42706545,3.21277751e+00,9.40614750e+00,9.40614750e+00
35.0000,0.233333,5.48899,342.4248,615.5748,0.854131,0.14586910,0.42706545,0.42706545,3.21277751e+00,9.40614750e+00,9.40614750e+00
35.2500,0.235000,5.52820,342.4248,615.5748,0.854131,0.14586910,0.42706545,0.42706545,3.21277751e+00,9.40614750e+00,9.40614750e+00
35.5000,0.236667,5.56740,342.4248,615.5748,0.854131,0.14586910,0.42706545,0.42706545,3.21277751e+00,9.40614750e+00,9.40614750e+00
35.7500,0.238333,5.60661,342.4248,615.5748,0.854131,0.14586910,0.42706545,0.42706545,3.21277751e+00,9.40614750e+00,9.40614750e+00
36.0000,0.240000,5.64582,342.4248,615.5748,0.854131,0.14586910,0.42706545,0.42706545,3.21277751e+00,9.40614750e+00,9.40614750e+00
36.2500,0.241667,5.68503,342.4248,615.5748,0.854131,0.14586910,0.42706545,0.42706545,3.21277751e+00,9.40614750e+00,9.40614750e+00
36.5000,0.243333,5.72423,342.4248,615.5748,0.854131,0.14586910,0.42706545,0.42706545,3.21277751e+00,9.40614750e+00,9.40614750e+00
36.7500,0.245000,5.76344,342.4248,615.5748,0.854131,0.14586910,0.42706545,0.42706545,3.21277751e+00,9.40614750e+00,9.40614750e+00
37.0000,0.246667,5.80265,342.4248,615.5748,0.854131,0.14586910,0.42706545,0.42706545,3.21277752e+00,9.40614750e+00,9.40614750e+00
37.2500,0.248333,5.84185,342.4248,615.5748,0.854131,0.14586910,0.42706545,0.42706545,3.21277752e+00,9.40614750e+00,9.40614750e+00
37.5000,0.250000,5.88106,342.4248,615.5748,0.854131,0.14586910,0.42706545,0.42706545,3.21277752e+00,9.40614750e+00,9.40614750e+00
37.7500,0.251667,5.92027,342.4248,615.5748,0.854131,0.14586910,0.42706545,0.42706545,3.21277752e+00,9.40614750e+00,9.40614750e+00
38.0000,0.253333,5.95948,342.4248,615.5748,0.854131,0.14586910,0.42706545,0.42706545,3.21277752e+00,9.40614750e+00,9.40614750e+00
38.2500,0.255000,5.99868,342.4248,615.5748,0.854131,0.14586910,0.42706545,0.42706545,3.21277752e+00,9.40614750e+00,9.40614750e+00
38.5000,0.256667,6.03789,342.4248,615.5748,0.854131,0.14586910,0.42706545,0.42706545,3.21277752e+00,9.40614750e+00,9.40614750e+00
38.7500,0.258333,6.07710,342.4248,615.5748,0.854131,0.14586910,0.42706545,0.42706545,3.21277752e+00,9.40614750e+00,9.40614750e+00
39.0000,0.260000,6.11630,342.4248,615.5748,0.854131,0.14586910,0.42706545,0.42706545,3.21277752e+00,9.40614750e+00,9.40614750e+00
39.2500,0.261667,6.15551,342.4248,615.5748,0.854131,0.14586910,0.42706545,0.42706545,3.21277752e+00,9.40614750e+00,9.40614750e+00
39.5000,0.263333,6.19472,342.4248,615.5748,0.854131,0.14586910,0.42706545,0.42706545,3.21277752e+00,9.40614750e+00,9.40614750e+00
39.7500,0.265000,6.23393,342.4248,615.5748,0.854131,0.14586910,0.42706545,0.42706545,3.21277752e+00,9.40614750e+00,9.40614750e+00
40.0000,0.266667,6.27313,342.4248,615.5748,0.854131,0.14586910,0.42706545,0.42706545,3.21277752e+00,9.40614750e+00,9.40614750e+00
40.2500,0.268333,6.31234,342.4248,615.5748,0.854131,0.14586910,0.42706545,0.42706545,3.21277752e+00,9.40614750e+00,9.40614750e+00
40.5000,0.270000,6.35155,342.4248,615.5748,0.854131,0.14586910,0.42706545,0.42706545,3.21277752e+00,9.40614750e+00,9.40614750e+00
40.7500,0.271667,6.39075,342.4248,615.5748,0.854131,0.14586910,0.42706545,0.42706545,3.21277752e+00,9.40614750e+00,9.40614750e+00
41.0000,0.273333,6.42996,342.4248,615.5748,0.854131,0.14586910,0.42706545,0.42706545,3.21277752e+00,9.40614750e+00,9.40614750e+00
41.2500,0.275000,6.46917,342.4248,615.5748,0.854131,0.14586910,0.42706545,0.42706545,3.21277752e+00,9.40614750e+00,9.40614750e+00
41.5000,0.276667,6.50837,342.4248,615.5748,0.854131,0.14586910,0.42706545,0.42706545,3.21277752e+00,9.40614750e+00,9.40614750e+00
41.7500,0.278333,6.54758,342.4248,615.5748,0.854131,0.14586910,0.42706545,0.42706545,3.21277752e+00,9.40614750e+00,9.40614750e+00
42.0000,0.280000,6.58679,342.4248,615.5748,0.854131,0.14586910,0.42706545,0.42706545,3.21277752e+00,9.40614750e+00,9.40614750e+00
42.2500,0.281667,6.62600,342.4248,615.5748,0.854131,0.14586910,0.42706545,0.42706545,3.21277752e+00,9.40614750e+00,9.40614750e+00
42.5000,0.283333,6.66520,342.4248,615.5748,0.854131,0.14586910,0.42706545,0.42706545,3.21277752e+00,9.40614750e+00,9.40614750e+00
42.7500,0.285000,6.70441,342.4248,615.5748,0.854131,0.14586910,0.42706545,0.42706545,3.21277752e+00,9.40614750e+00,9.40614750e+00
43.0000,0.286667,6.74362,342.4248,615.5748,0.854131,0.14586910,0.42706545,0.42706545,3.21277752e+00,9.40614750e+00,9.40614750e+00
43.2500,0.288333,6.78282,342.4248,615.5748,0.854131,0.14586910,0.42706545,0.42706545,3.21277752e+00,9.40614750e+00,9.40614750e+00
43.5000,0.290000,6.82203,342.4248,615.5748,0.854131,0.14586910,0.42706545,0.42706545,3.21277752e+00,9.40614750e+00,9.40614750e+00
43.7500,0.291667,6.86124,342.4248,615.5748,0.854131,0.14586910,0.42706545,0.42706545,3.21277752e+00,9.40614750e+00,9.40614750e+00
44.0000,0.293333,6.90045,342.4248,615.5748,0.854131,0.14586910,0.42706545,0.42706545,3.21277752e+00,9.40614750e+00,9.40614750e+00
44.2500,0.295000,6.93965,342.4248,615.5748,0.854131,0.14586910,0.42706545,0.42706545,3.21277752e+00,9.40614750e+00,9.40614750e+00
44.5000,0.296667,6.97886,342.4248,615.5748,0.854131,0.14586910,0.42706545,0.42706545,3.21277752e+00,9.40614750e+00,9.40614750e+00
44.7500,0.298333,7.01807,342.4248,615.5748,0.854131,0.14586910,0.42706545,0.42706545,3.21277752e+00,9.40614750e+00,9.40614750e+00
45.0000,0.300000,7.05727,342.4248,615.5748,0.854131,0.14586910,0.42706545,0.42706545,3.21277752e+00,9.40614750e+00,9.40614750e+00
45.2500,0.301667,7.09648,342.4248,615.5748,0.854131,0.14586910,0.42706545,0.42706545,3.21277752e+00,9.40614750e+00,9.40614750e+00
45.5000,0.303333,7.13569,342.4248,615.5748,0.854131,0.14586910,0.42706545,0.42706545,3.21277752e+00,9.40614750e+00,9.40614750e+00
45.7500,0.305000,7.17489,342.4248,615.5748,0.854131,0.14586910,0.42706545,0.42706545,3.21277752e+00,9.40614750e+00,9.40614750e+00
46.0000,0.306667,7.21410,342.4248,615.5748,0.854131,0.14586910,0.42706545,0.42706545,3.21277752e+00,9.40614750e+00,9.40614750e+00
46.2500,0.308333,7.25331,342.4248,615.5748,0.854131,0.14586910,0.42706545,0.42706545,3.21277752e+00,9.40614750e+00,9.40614750e+00
46.5000,0.310000,7.29252,342.4248,615.5748,0.854131,0.14586910,0.42706545,0.42706545,3.21277752e+00,9.40614750e+00,9.40614750e+00
46.7500,0.311667,7.33172,342.4248,615.5748,0.854131,0.14586910,0.42706545,0.42706545,3.21277752e+00,9.40614750e+00,9.40614750e+00
47.0000,0.313333,7.37093,342.4248,615.5748,0.854131,0.14586910,0.42706545,0.42706545,3.21277752e+00,9.40614750e+00,9.40614750e+00
47.2500,0.315000,7.41014,342.4248,615.5748,0.854131,0.14586910,0.42706545,0.42706545,3.21277752e+00,9.40614750e+00,9.40614750e+00
47.5000,0.316667,7.44934,342.4248,615.5748,0.854131,0.14586910,0.42706545,0.42706545,3.21277752e+00,9.40614750e+00,9.40614750e+00
47.7500,0.318333,7.48855,342.4248,615.5748,0.854131,0.14586910,0.42706545,0.42706545,3.21277752e+00,9.40614750e+00,9.40614750e+00
48.0000,0.320000,7.52776,342.4248,615.5748,0.854131,0.14586910,0.42706545,0.42706545,3.21277752e+00,9.40614750e+00,9.40614750e+00
48.2500,0.321667,7.56697,342.4248,615.5748,0.854131,0.14586910,0.42706545,0.42706545,3.21277752e+00,9.40614750e+00,9.40614750e+00
48.5000,0.323333,7.60617,342.4248,615.5748,0.854131,0.14586910,0.42706545,0.42706545,3.21277752e+00,9.40614750e+00,9.40614750e+00
48.7500,0.325000,7.64538,342.4248,615.5748,0.854131,0.14586910,0.42706545,0.42706545,3.21277752e+00,9.40614750e+00,9.40614750e+00
49.0000,0.326667,7.68459,342.4248,615.5748,0.854131,0.14586910,0.42706545,0.42706545,3.21277752e+00,9.40614750e+00,9.40614750e+00
49.2500,0.328333,7.72379,342.4248,615.5748,0.854131,0.14586910,0.42706545,0.42706545,3.21277752e+00,9.40614750e+00,9.40614750e+00
49.5000,0.330000,7.76300,342.4248,615.5748,0.854131,0.14586910,0.42706545,0.42706545,3.21277752e+00,9.40614750e+00,9.40614750e+00
49.7500,0.331667,7.80221,342.4248,615.5748,0.854131,0.14586910,0.42706545,0.42706545,3.21277752e+00,9.40614750e+00,9.40614750e+00
50.0000,0.333333,7.84142,342.4248,615.5748,0.854131,0.14586910,0.42706545,0.42706545,3.21277752e+00,9.40614750e+00,9.40614750e+00
50.2500,0.335000,7.88062,342.4248,615.5748,0.854131,0.14586910,0.42706545,0.42706545,3.21277752e+00,9.40614750e+00,9.40614750e+00
50.5000,0.336667,7.91983,342.4248,615.5748,0.854131,0.14586910,0.42706545,0.42706545,3.21277752e+00,9.40614750e+00,9.40614750e+00
50.7500,0.338333,7.95904,342.4248,615.5748,0.854131,0.14586910,0.42706545,0.42706545,3.21277752e+00,9.40614750e+00,9.40614750e+00
51.0000,0.340000,7.99824,342.4248,615.5748,0.854131,0.14586910,0.42706545,0.42706545,3.21277752e+00,9.40614750e+00,9.40614750e+00
51.2500,0.341667,8.03745,342.4248,615.5748,0.854131,0.14586910,0.42706545,0.42706545,3.21277752e+00,9.40614750e+00,9.40614750e+00
51.5000,0.343333,8.07666,342.4248,615.5748,0.854131,0.14586910,0.42706545,0.42706545,3.21277752e+00,9.40614750e+00,9.40614750e+00
51.7500,0.345000,8.11586,342.4248,615.5748,0.854131,0.14586910,0.42706545,0.42706545,3.21277752e+00,9.40614750e+00,9.40614750e+00
52.0000,0.346667,8.15507,342.4248,615.5748,0.854131,0.14586910,0.42706545,0.42706545,3.21277752e+00,9.40614750e+00,9.40614750e+00
52.2500,0.348333,8.19428,342.4248,615.5748,0.854131,0.14586910,0.42706545,0.42706545,3.21277752e+00,9.40614750e+00,9.40614750e+00
52.5000,0.350000,8.23349,342.4248,615.5748,0.854131,0.14586910,0.42706545,0.42706545,3.21277752e+00,9.40614750e+00,9.40614750e+00
52.7500,0.351667,8.27269,342.4248,615.5748,0.854131,0.14586910,0.42706545,0.42706545,3.21277752e+00,9.40614750e+00,9.40614750e+00
53.0000,0.353333,8.31190,342.4248,615.5748,0.854131,0.14586910,0.42706545,0.42706545,3.21277752e+00,9.40614750e+00,9.40614750e+00
53.2500,0.355000,8.35111,342.4248,615.5748,0.854131,0.14586910,0.42706545,0.42706545,3.21277752e+00,9.40614750e+00,9.40614750e+00
53.5000,0.356667,8.39031,342.4248,615.5748,0.854131,0.14586910,0.42706545,0.42706545,3.21277752e+00,9.40614750e+00,9.40614750e+00
53.7500,0.358333,8.42952,342.4248,615.5748,0.854131,0.14586910,0.42706545,0.42706545,3.21277752e+00,9.40614750e+00,9.40614750e+00
54.0000,0.360000,8.46873,342.4248,615.5748,0.854131,0.14586910,0.42706545,0.42706545,3.21277752e+00,9.40614750e+00,9.40614750e+00
54.2500,0.361667,8.50794,342.4248,615.5748,0.854131,0.14586910,0.42706545,0.42706545,3.21277752e+00,9.40614750e+00,9.40614750e+00
54.5000,0.363333,8.54714,342.4248,615.5748,0.854131,0.14586910,0.42706545,0.42706545,3.21277752e+00,9.40614750e+00,9.40614750e+00
54.7500,0.365000,8.58635,342.4248,615.5748,0.854131,0.14586910,0.42706545,0.42706545,3.21277752e+00,9.40614750e+00,9.40614750e+00
55.0000,0.366667,8.62556,342.4248,615.5748,0.854131,0.14586910,0.42706545,0.42706545,3.21277752e+00,9.40614750e+00,9.40614750e+00
55.2500,0.368333,8.66476,342.4248,615.5748,0.854131,0.14586910,0.42706545,0.42706545,3.21277752e+00,9.40614750e+00,9.40614750e+00
55.5000,0.370000,8.70397,342.4248,615.5748,0.854131,0.14586910,0.42706545,0.42706545,3.21277752e+00,9.40614750e+00,9.40614750e+00
55.7500,0.371667,8.74318,342.4248,615.5748,0.854131,0.14586910,0.42706545,0.42706545,3.21277752e+00,9.40614750e+00,9.40614750e+00
56.0000,0.373333,8.78239,342.4248,615.5748,0.854131,0.14586910,0.42706545,0.42706545,3.21277752e+00,9.40614750e+00,9.40614750e+00
56.2500,0.375000,8.82159,342.4248,615.5748,0.854131,0.14586910,0.42706545,0.42706545,3.21277752e+00,9.40614750e+00,9.40614750e+00
56.5000,0.376667,8.86080,342.4248,615.5748,0.854131,0.14586910,0.42706545,0.42706545,3.21277752e+00,9.40614750e+00,9.40614750e+00
56.7500,0.378333,8.90001,342.4248,615.5748,0.854131,0.14586910,0.42706545,0.42706545,3.21277752e+00,9.40614750e+00,9.40614750e+00
57.0000,0.380000,8.93921,342.4248,615.5748,0.854131,0.14586910,0.42706545,0.42706545,3.21277752e+00,9.40614750e+00,9.40614750e+00
57.2500,0.381667,8.97842,342.4248,615.5748,0.854131,0.14586910,0.42706545,0.42706545,3.21277752e+00,9.40614750e+00,9.40614750e+00
57.5000,0.383333,9.01763,342.4248,615.5748,0.854131,0.14586910,0.42706545,0.42706545,3.21277752e+00,9.40614750e+00,9.40614750e+00
57.7500,0.385000,9.05683,342.4248,615.5748,0.854131,0.14586910,0.42706545,0.42706545,3.21277752e+00,9.40614750e+00,9.40614750e+00
58.0000,0.386667,9.09604,342.4248,615.5748,0.854131,0.14586910,0.42706545,0.42706545,3.21277752e+00,9.40614750e+00,9.40614750e+00
58.2500,0.388333,9.13525,342.4248,615.5748,0.854131,0.14586910,0.42706545,0.42706545,3.21277752e+00,9.40614750e+00,9.40614750e+00
58.5000,0.390000,9.17446,342.4248,615.5748,0.854131,0.14586910,0.42706545,0.42706545,3.21277752e+00,9.40614750e+00,9.40614750e+00
58.7500,0.391667,9.21366,342.4248,615.5748,0.854131,0.14586910,0.42706545,0.42706545,3.21277752e+00,9.40614750e+00,9.40614750e+00
59.0000,0.393333,9.25287,342.4248,615.5748,0.854131,0.14586910,0.42706545,0.42706545,3.21277752e+00,9.40614750e+00,9.40614750e+00
59.2500,0.395000,9.29208,342.4248,615.5748,0.854131,0.14586910,0.42706545,0.42706545,3.21277752e+00,9.40614750e+00,9.40614750e+00
59.5000,0.396667,9.33128,342.4248,615.5748,0.854131,0.14586910,0.42706545,0.42706545,3.21277752e+00,9.40614750e+00,9.40614750e+00
59.7500,0.398333,9.37049,342.4248,615.5748,0.854131,0.14586910,0.42706545,0.42706545,3.21277752e+00,9.40614750e+00,9.40614750e+00
60.0000,0.400000,9.40970,342.4248,615.5748,0.854131,0.14586910,0.42706545,0.42706545,3.21277752e+00,9.40614750e+00,9.40614750e+00
60.2500,0.401667,9.44891,342.4248,615.5748,0.854131,0.14586910,0.42706545,0.42706545,3.21277752e+00,9.40614750e+00,9.40614750e+00
60.5000,0.403333,9.48811,342.4248,615.5748,0.854131,0.14586910,0.42706545,0.42706545,3.21277752e+00,9.40614750e+00,9.40614750e+00
60.7500,0.405000,9.52732,342.4248,615.5748,0.854131,0.14586910,0.42706545,0.42706545,3.21277752e+00,9.40614750e+00,9.40614750e+00
61.0000,0.406667,9.56653,342.4248,615.5748,0.854131,0.14586910,0.42706545,0.42706545,3.21277752e+00,9.40614750e+00,9.40614750e+00
61.2500,0.408333,9.60573,342.4248,615.5748,0.854131,0.14586910,0.42706545,0.42706545,3.21277752e+00,9.40614750e+00,9.40614750e+00
61.5000,0.410000,9.64494,342.4248,615.5748,0.854131,0.14586910,0.42706545,0.42706545,3.21277752e+00,9.40614750e+00,9.40614750e+00
61.7500,0.411667,9.68415,342.4248,615.5748,0.854131,0.14586910,0.42706545,0.42706545,3.21277752e+00,9.40614750e+00,9.40614750e+00
62.0000,0.413333,9.72335,342.4248,615.5748,0.854131,0.14586910,0.42706545,0.42706545,3.21277752e+00,9.40614750e+00,9.40614750e+00
62.2500,0.415000,9.76256,342.4248,615.5748,0.854131,0.14586910,0.42706545,0.42706545,3.21277752e+00,9.40614750e+00,9.40614750e+00
62.5000,0.416667,9.80177,342.4248,615.5748,0.854131,0.14586910,0.42706545,0.42706545,3.21277752e+00,9.40614750e+00,9.40614750e+00
62.7500,0.418333,9.84098,342.4248,615.5748,0.854131,0.14586910,0.42706545,0.42706545,3.21277752e+00,9.40614750e+00,9.40614750e+00
63.0000,0.420000,9.88018,342.4248,615.5748,0.854131,0.14586910,0.42706545,0.42706545,3.21277752e+00,9.40614750e+00,9.40614750e+00
63.2500,0.421667,9.91939,342.4248,615.5748,0.854131,0.14586910,0.42706545,0.42706545,3.21277752e+00,9.40614750e+00,9.40614750e+00
63.5000,0.423333,9.95860,342.4248,615.5748,0.854131,0.14586910,0.42706545,0.42706545,3.21277752e+00,9.40614750e+00,9.40614750e+00
63.7500,0.425000,9.99780,342.4248,615.5748,0.854131,0.14586910,0.42706545,0.42706545,3.21277752e+00,9.40614750e+00,9.40614750e+00
64.0000,0.426667,10.03701,342.4248,615.5748,0.854131,0.14586910,0.42706545,0.42706545,3.21277752e+00,9.40614750e+00,9.40614750e+00
64.2500,0.428333,10.07622,342.4248,615.5748,0.854131,0.14586910,0.42706545,0.42706545,3.21277752e+00,9.40614750e+00,9.40614750e+00
64.5000,0.430000,10.11543,342.4248,615.5748,0.854131,0.14586910,0.42706545,0.42706545,3.21277752e+00,9.40614750e+00,9.40614750e+00
64.7500,0.431667,10.15463,342.4248,615.5748,0.854131,0.14586910,0.42706545,0.42706545,3.21277752e+00,9.40614750e+00,9.40614750e+00
65.0000,0.433333,10.19384,342.4248,615.5748,0.854131,0.14586910,0.42706545,0.42706545,3.21277752e+00,9.40614750e+00,9.40614750e+00
65.2500,0.435000,10.23305,342.4248,615.5748,0.854131,0.14586910,0.42706545,0.42706545,3.21277752e+00,9.40614750e+00,9.40614750e+00
65.5000,0.436667,10.27225,342.4248,615.5748,0.854131,0.14586910,0.42706545,0.42706545,3.21277752e+00,9.40614750e+00,9.40614750e+00
65.7500,0.438333,10.31146,342.4248,615.5748,0.854131,0.14586910,0.42706545,0.42706545,3.21277752e+00,9.40614750e+00,9.40614750e+00
66.0000,0.440000,10.35067,342.4248,615.5748,0.854131,0.14586910,0.42706545,0.42706545,3.21277752e+00,9.40614750e+00,9.40614750e+00
66.2500,0.441667,10.38988,342.4248,615.5748,0.854131,0.14586910,0.42706545,0.42706545,3.21277752e+00,9.40614750e+00,9.40614750e+00
66.5000,0.443333,10.42908,342.4248,615.5748,0.854131,0.14586910,0.42706545,0.42706545,3.21277752e+00,9.40614750e+00,9.40614750e+00
66.7500,0.445000,10.46829,342.4248,615.5748,0.854131,0.14586910,0.42706545,0.42706545,3.21277752e+00,9.40614750e+00,9.40614750e+00
67.0000,0.446667,10.50750,342.4248,615.5748,0.854131,0.14586910,0.42706545,0.42706545,3.21277752e+00,9.40614750e+00,9.40614750e+00
67.2500,0.448333,10.54670,342.4248,615.5748,0.854131,0.14586910,0.42706545,0.42706545,3.21277752e+00,9.40614750e+00,9.40614750e+00
67.5000,0.450000,10.58591,342.4248,615.5748,0.854131,0.14586910,0.42706545,0.42706545,3.21277752e+00,9.40614750e+00,9.40614750e+00
67.7500,0.451667,10.62512,342.4248,615.5748,0.854131,0.14586910,0.42706545,0.42706545,3.21277752e+00,9.40614750e+00,9.40614750e+00
68.0000,0.453333,10.66432,342.4248,615.5748,0.854131,0.14586910,0.42706545,0.42706545,3.21277752e+00,9.40614750e+00,9.40614750e+00
68.2500,0.455000,10.70353,342.4248,615.5748,0.854131,0.14586910,0.42706545,0.42706545,3.21277752e+00,9.40614750e+00,9.40614750e+00
68.5000,0.456667,10.74274,342.4248,615.5748,0.854131,0.14586910,0.42706545,0.42706545,3.21277752e+00,9.40614750e+00,9.40614750e+00
68.7500,0.458333,10.78195,342.4248,615.5748,0.854131,0.14586910,0.42706545,0.42706545,3.21277752e+00,9.40614750e+00,9.40614750e+00
69.0000,0.460000,10.82115,342.4248,615.5748,0.854131,0.14586910,0.42706545,0.42706545,3.21277752e+00,9.40614750e+00,9.40614750e+00
69.2500,0.461667,10.86036,342.4248,615.5748,0.854131,0.14586910,0.42706545,0.42706545,3.21277752e+00,9.40614750e+00,9.40614750e+00
69.5000,0.463333,10.89957,342.4248,615.5748,0.854131,0.14586910,0.42706545,0.42706545,3.21277752e+00,9.40614750e+00,9.40614750e+00
69.7500,0.465000,10.93877,342.4248,615.5748,0.854131,0.14586910,0.42706545,0.42706545,3.21277752e+00,9.40614750e+00,9.40614750e+00
70.0000,0.466667,10.97798,342.4248,615.5748,0.854131,0.14586910,0.42706545,0.42706545,3.21277752e+00,9.40614750e+00,9.40614750e+00
70.2500,0.468333,11.01719,342.4248,615.5748,0.854131,0.14586910,0.42706545,0.42706545,3.21277752e+00,9.40614750e+00,9.40614750e+00
70.5000,0.470000,11.05640,342.4248,615.5748,0.854131,0.14586910,0.42706545,0.42706545,3.21277752e+00,9.40614750e+00,9.40614750e+00
70.7500,0.471667,11.09560,342.4248,615.5748,0.854131,0.14586910,0.42706545,0.42706545,3.21277752e+00,9.40614750e+00,9.40614750e+00
71.0000,0.473333,11.13481,342.4248,615.5748,0.854131,0.14586910,0.42706545,0.42706545,3.21277752e+00,9.40614750e+00,9.40614750e+00
71.2500,0.475000,11.17402,342.4248,615.5748,0.854131,0.14586910,0.42706545,0.42706545,3.21277752e+00,9.40614750e+00,9.40614750e+00
71.5000,0.476667,11.21322,342.4248,615.5748,0.854131,0.14586910,0.42706545,0.42706545,3.21277752e+00,9.40614750e+00,9.40614750e+00
71.7500,0.478333,11.25243,342.4248,615.5748,0.854131,0.14586910,0.42706545,0.42706545,3.21277752e+00,9.40614750e+00,9.40614750e+00
72.0000,0.480000,11.29164,342.4248,615.5748,0.854131,0.14586910,0.42706545,0.42706545,3.21277752e+00,9.40614750e+00,9.40614750e+00
72.2500,0.481667,11.33085,342.4248,615.5748,0.854131,0.14586910,0.42706545,0.42706545,3.21277752e+00,9.40614750e+00,9.40614750e+00
72.5000,0.483333,11.37005,342.4248,615.5748,0.854131,0.14586910,0.42706545,0.42706545,3.21277752e+00,9.40614750e+00,9.40614750e+00
72.7500,0.485000,11.40926,342.4248,615.5748,0.854131,0.14586910,0.42706545,0.42706545,3.21277752e+00,9.40614750e+00,9.40614750e+00
73.0000,0.486667,11.44847,342.4248,615.5748,0.854131,0.14586910,0.42706545,0.42706545,3.21277752e+00,9.40614750e+00,9.40614750e+00
73.2500,0.488333,11.48767,342.4248,615.5748,0.854131,0.14586910,0.42706545,0.42706545,3.21277752e+00,9.40614750e+00,9.40614750e+00
73.5000,0.490000,11.52688,342.4248,615.5748,0.854131,0.14586910,0.42706545,0.42706545,3.21277752e+00,9.40614750e+00,9.40614750e+00
73.7500,0.491667,11.56609,342.4248,615.5748,0.854131,0.14586910,0.42706545,0.42706545,3.21277752e+00,9.40614750e+00,9.40614750e+00
74.0000,0.493333,11.60529,342.4248,615.5748,0.854131,0.14586910,0.42706545,0.42706545,3.21277752e+00,9.40614750e+00,9.40614750e+00
74.2500,0.495000,11.64450,342.4248,615.5748,0.854131,0.14586910,0.42706545,0.42706545,3.21277752e+00,9.40614750e+00,9.40614750e+00
74.5000,0.496667,11.68371,342.4248,615.5748,0.854131,0.14586910,0.42706545,0.42706545,3.21277752e+00,9.40614750e+00,9.40614750e+00
74.7500,0.498333,11.72292,342.4248,615.5748,0.854131,0.14586910,0.42706545,0.42706545,3.21277752e+00,9.40614750e+00,9.40614750e+00
75.0000,0.500000,11.76212,342.4248,615.5748,0.854131,0.14586910,0.42706545,0.42706545,3.21277752e+00,9.40614750e+00,9.40614750e+00
75.2500,0.501667,11.80133,342.4248,615.5748,0.854131,0.14586910,0.42706545,0.42706545,3.21277752e+00,9.40614750e+00,9.40614750e+00
75.5000,0.503333,11.84054,342.4248,615.5748,0.854131,0.14586910,0.42706545,0.42706545,3.21277752e+00,9.40614750e+00,9.40614750e+00
75.7500,0.505000,11.87974,342.4248,615.5748,0.854131,0.14586910,0.42706545,0.42706545,3.21277752e+00,9.40614750e+00,9.40614750e+00
76.0000,0.506667,11.91895,342.4248,615.5748,0.854131,0.14586910,0.42706545,0.42706545,3.21277752e+00,9.40614750e+00,9.40614750e+00
76.2500,0.508333,11.95816,342.4248,615.5748,0.854131,0.14586910,0.42706545,0.42706545,3.21277752e+00,9.40614750e+00,9.40614750e+00
76.5000,0.510000,11.99737,342.4248,615.5748,0.854131,0.14586910,0.42706545,0.42706545,3.21277752e+00,9.40614750e+00,9.40614750e+00
76.7500,0.511667,12.03657,342.4248,615.5748,0.854131,0.14586910,0.42706545,0.42706545,3.21277752e+00,9.40614750e+00,9.40614750e+00
77.0000,0.513333,12.07578,342.4248,615.5748,0.854131,0.14586910,0.42706545,0.42706545,3.21277752e+00,9.40614750e+00,9.40614750e+00
77.2500,0.515000,12.11499,342.4248,615.5748,0.854131,0.14586910,0.42706545,0.42706545,3.21277752e+00,9.40614750e+00,9.40614750e+00
77.5000,0.516667,12.15419,342.4248,615.5748,0.854131,0.14586910,0.42706545,0.42706545,3.21277752e+00,9.40614750e+00,9.40614750e+00
77.7500,0.518333,12.19340,342.4248,615.5748,0.854131,0.14586910,0.42706545,0.42706545,3.21277752e+00,9.40614750e+00,9.40614750e+00
78.0000,0.520000,12.23261,342.4248,615.5748,0.854131,0.14586910,0.42706545,0.42706545,3.21277752e+00,9.40614750e+00,9.40614750e+00
78.2500,0.521667,12.27181,342.4248,615.5748,0.854131,0.14586910,0.42706545,0.42706545,3.21277752e+00,9.40614750e+00,9.40614750e+00
78.5000,0.523333,12.31102,342.4248,615.5748,0.854131,0.14586910,0.42706545,0.42706545,3.21277752e+00,9.40614750e+00,9.40614750e+00
78.7500,0.525000,12.35023,342.4248,615.5748,0.854131,0.14586910,0.42706545,0.42706545,3.21277752e+00,9.40614750e+00,9.40614750e+00
79.0000,0.526667,12.38944,342.4248,615.5748,0.854131,0.14586910,0.42706545,0.42706545,3.21277752e+00,9.40614750e+00,9.40614750e+00
79.2500,0.528333,12.42864,342.4248,615.5748,0.854131,0.14586910,0.42706545,0.42706545,3.21277752e+00,9.40614750e+00,9.40614750e+00
79.5000,0.530000,12.46785,342.4248,615.5748,0.854131,0.14586910,0.42706545,0.42706545,3.21277752e+00,9.40614750e+00,9.40614750e+00
79.7500,0.531667,12.50706,342.4248,615.5748,0.854131,0.14586910,0.42706545,0.42706545,3.21277752e+00,9.40614750e+00,9.40614750e+00
80.0000,0.533333,12.54626,342.4248,615.5748,0.854131,0.14586910,0.42706545,0.42706545,3.21277752e+00,9.40614750e+00,9.40614750e+00
80.2500,0.535000,12.58547,342.4248,615.5748,0.854131,0.14586910,0.42706545,0.42706545,3.21277752e+00,9.40614750e+00,9.40614750e+00
80.5000,0.536667,12.62468,342.4248,615.5748,0.854131,0.14586910,0.42706545,0.42706545,3.21277752e+00,9.40614750e+00,9.40614750e+00
80.7500,0.538333,12.66389,342.4248,615.5748,0.854131,0.14586910,0.42706545,0.42706545,3.21277752e+00,9.40614750e+00,9.40614750e+00
81.0000,0.540000,12.70309,342.4248,615.5748,0.854131,0.14586910,0.42706545,0.42706545,3.21277752e+00,9.40614750e+00,9.40614750e+00
81.2500,0.541667,12.74230,342.4248,615.5748,0.854131,0.14586910,0.42706545,0.42706545,3.21277752e+00,9.40614750e+00,9.40614750e+00
81.5000,0.543333,12.78151,342.4248,615.5748,0.854131,0.14586910,0.42706545,0.42706545,3.21277752e+00,9.40614750e+00,9.40614750e+00
81.7500,0.545000,12.82071,342.4248,615.5748,0.854131,0.14586910,0.42706545,0.42706545,3.21277752e+00,9.40614750e+00,9.40614750e+00
82.0000,0.546667,12.85992,342.4248,615.5748,0.854131,0.14586910,0.42706545,0.42706545,3.21277752e+00,9.40614750e+00,9.40614750e+00
82.2500,0.548333,12.89913,342.4248,615.5748,0.854131,0.14586910,0.42706545,0.42706545,3.21277752e+00,9.40614750e+00,9.40614750e+00
82.5000,0.550000,12.93834,342.4248,615.5748,0.854131,0.14586910,0.42706545,0.42706545,3.21277752e+00,9.40614750e+00,9.40614750e+00
82.7500,0.551667,12.97754,342.4248,615.5748,0.854131,0.14586910,0.42706545,0.42706545,3.21277752e+00,9.40614750e+00,9.40614750e+00
83.0000,0.553333,13.01675,342.4248,615.5748,0.854131,0.14586910,0.42706545,0.42706545,3.21277752e+00,9.40614750e+00,9.40614750e+00
83.2500,0.555000,13.05596,342.4248,615.5748,0.854131,0.14586910,0.42706545,0.42706545,3.21277752e+00,9.40614750e+00,9.40614750e+00
83.5000,0.556667,13.09516,342.4248,615.5748,0.854131,0.14586910,0.42706545,0.42706545,3.21277752e+00,9.40614750e+00,9.40614750e+00
83.7500,0.558333,13.13437,342.4248,615.5748,0.854131,0.14586910,0.42706545,0.42706545,3.21277752e+00,9.40614750e+00,9.40614750e+00
84.0000,0.560000,13.17358,342.4248,615.5748,0.854131,0.14586910,0.42706545,0.42706545,3.21277752e+00,9.40614750e+00,9.40614750e+00
84.2500,0.561667,13.21278,342.4248,615.5748,0.854131,0.14586910,0.42706545,0.42706545,3.21277752e+00,9.40614750e+00,9.40614750e+00
84.5000,0.563333,13.25199,342.4248,615.5748,0.854131,0.14586910,0.42706545,0.42706545,3.21277752e+00,9.40614750e+00,9.40614750e+00
84.7500,0.565000,13.29120,342.4248,615.5748,0.854131,0.14586910,0.42706545,0.42706545,3.21277752e+00,9.40614750e+00,9.40614750e+00
85.0000,0.566667,13.33041,342.4248,615.5748,0.854131,0.14586910,0.42706545,0.42706545,3.21277752e+00,9.40614750e+00,9.40614750e+00
85.2500,0.568333,13.36961,342.4248,615.5748,0.854131,0.14586910,0.42706545,0.42706545,3.21277752e+00,9.40614750e+00,9.40614750e+00
85.5000,0.570000,13.40882,342.4248,615.5748,0.854131,0.14586910,0.42706545,0.42706545,3.21277752e+00,9.40614750e+00,9.40614750e+00
85.7500,0.571667,13.44803,342.4248,615.5748,0.854131,0.14586910,0.42706545,0.42706545,3.21277752e+00,9.40614750e+00,9.40614750e+00
86.0000,0.573333,13.48723,342.4248,615.5748,0.854131,0.14586910,0.42706545,0.42706545,3.21277752e+00,9.40614750e+00,9.40614750e+00
86.2500,0.575000,13.52644,342.4248,615.5748,0.854131,0.14586910,0.42706545,0.42706545,3.21277752e+00,9.40614750e+00,9.40614750e+00
86.5000,0.576667,13.56565,342.4248,615.5748,0.854131,0.14586910,0.42706545,0.42706545,3.21277752e+00,9.40614750e+00,9.40614750e+00
86.7500,0.578333,13.60486,342.4248,615.5748,0.854131,0.14586910,0.42706545,0.42706545,3.21277752e+00,9.40614750e+00,9.40614750e+00
87.0000,0.580000,13.64406,342.4248,615.5748,0.854131,0.14586910,0.42706545,0.42706545,3.21277752e+00,9.40614750e+00,9.40614750e+00
87.2500,0.581667,13.68327,342.4248,615.5748,0.854131,0.14586910,0.42706545,0.42706545,3.21277752e+00,9.40614750e+00,9.40614750e+00
87.5000,0.583333,13.72248,342.4248,615.5748,0.854131,0.14586910,0.42706545,0.42706545,3.21277752e+00,9.40614750e+00,9.40614750e+00
87.7500,0.585000,13.76168,342.4248,615.5748,0.854131,0.14586910,0.42706545,0.42706545,3.21277752e+00,9.40614750e+00,9.40614750e+00
88.0000,0.586667,13.80089,342.4248,615.5748,0.854131,0.14586910,0.42706545,0.42706545,3.21277752e+00,9.40614750e+00,9.40614750e+00
88.2500,0.588333,13.84010,342.4248,615.5748,0.854131,0.14586910,0.42706545,0.42706545,3.21277752e+00,9.40614750e+00,9.40614750e+00
88.5000,0.590000,13.87931,342.4248,615.5748,0.854131,0.14586910,0.42706545,0.42706545,3.21277752e+00,9.40614750e+00,9.40614750e+00
88.7500,0.591667,13.91851,342.4248,615.5748,0.854131,0.14586910,0.42706545,0.42706545,3.21277752e+00,9.40614750e+00,9.40614750e+00
89.0000,0.593333,13.95772,342.4248,615.5748,0.854131,0.14586910,0.42706545,0.42706545,3.21277752e+00,9.40614750e+00,9.40614750e+00
89.2500,0.595000,13.99693,342.4248,615.5748,0.854131,0.14586910,0.42706545,0.42706545,3.21277752e+00,9.40614750e+00,9.40614750e+00
89.5000,0.596667,14.03613,342.4248,615.5748,0.854131,0.14586910,0.42706545,0.42706545,3.21277752e+00,9.40614750e+00,9.40614750e+00
89.7500,0.598333,14.07534,342.4248,615.5748,0.854131,0.14586910,0.42706545,0.42706545,3.21277752e+00,9.40614750e+00,9.40614750e+00
90.0000,0.600000,14.11455,342.4248,615.5748,0.854131,0.14586910,0.42706545,0.42706545,3.21277752e+00,9.40614750e+00,9.40614750e+00
90.2500,0.601667,14.15375,342.4248,615.5748,0.854131,0.14586910,0.42706545,0.42706545,3.21277752e+00,9.40614750e+00,9.40614750e+00
90.5000,0.603333,14.19296,342.4248,615.5748,0.854131,0.14586910,0.42706545,0.42706545,3.21277752e+00,9.40614750e+00,9.40614750e+00
90.7500,0.605000,14.23217,342.4248,615.5748,0.854131,0.14586910,0.42706545,0.42706545,3.21277752e+00,9.40614750e+00,9.40614750e+00
91.0000,0.606667,14.27138,342.4248,615.5748,0.854131,0.14586910,0.42706545,0.42706545,3.21277752e+00,9.40614750e+00,9.40614750e+00
91.2500,0.608333,14.31058,342.4248,615.5748,0.854131,0.14586910,0.42706545,0.42706545,3.21277752e+00,9.40614750e+00,9.40614750e+00
91.5000,0.610000,14.34979,342.4248,615.5748,0.854131,0.14586910,0.42706545,0.42706545,3.21277752e+00,9.40614750e+00,9.40614750e+00
91.7500,0.611667,14.38900,342.4248,615.5748,0.854131,0.14586910,0.42706545,0.42706545,3.21277752e+00,9.40614750e+00,9.40614750e+00
92.0000,0.613333,14.42820,342.4248,615.5748,0.854131,0.14586910,0.42706545,0.42706545,3.21277752e+00,9.40614750e+00,9.40614750e+00
92.2500,0.615000,14.46741,342.4248,615.5748,0.854131,0.14586910,0.42706545,0.42706545,3.21277752e+00,9.40614750e+00,9.40614750e+00
92.5000,0.616667,14.50662,342.4248,615.5748,0.854131,0.14586910,0.42706545,0.42706545,3.21277752e+00,9.40614750e+00,9.40614750e+00
92.7500,0.618333,14.54583,342.4248,615.5748,0.854131,0.14586910,0.42706545,0.42706545,3.21277752e+00,9.40614750e+00,9.40614750e+00
93.0000,0.620000,14.58503,342.4248,615.5748,0.854131,0.14586910,0.42706545,0.42706545,3.21277752e+00,9.40614750e+00,9.40614750e+00
93.2500,0.621667,14.62424,342.4248,615.5748,0.854131,0.14586910,0.42706545,0.42706545,3.21277752e+00,9.40614750e+00,9.40614750e+00
93.5000,0.623333,14.66345,342.4248,615.5748,0.854131,0.14586910,0.42706545,0.42706545,3.21277752e+00,9.40614750e+00,9.40614750e+00
93.7500,0.625000,14.70265,342.4248,615.5748,0.854131,0.14586910,0.42706545,0.42706545,3.21277752e+00,9.40614750e+00,9.40614750e+00
94.0000,0.626667,14.74186,342.4248,615.5748,0.854131,0.14586910,0.42706545,0.42706545,3.21277752e+00,9.40614750e+00,9.40614750e+00
94.2500,0.628333,14.78107,342.4248,615.5748,0.854131,0.14586910,0.42706545,0.42706545,3.21277752e+00,9.40614750e+00,9.40614750e+00
94.5000,0.630000,14.82027,342.4248,615.5748,0.854131,0.14586910,0.42706545,0.42706545,3.21277752e+00,9.40614750e+00,9.40614750e+00
94.7500,0.631667,14.85948,342.4248,615.5748,0.854131,0.14586910,0.42706545,0.42706545,3.21277752e+00,9.40614750e+00,9.40614750e+00
95.0000,0.633333,14.89869,342.4248,615.5748,0.854131,0.14586910,0.42706545,0.42706545,3.21277752e+00,9.40614750e+00,9.40614750e+00
95.2500,0.635000,14.93790,342.4248,615.5748,0.854131,0.14586910,0.42706545,0.42706545,3.21277752e+00,9.40614750e+00,9.40614750e+00
95.5000,0.636667,14.97710,342.4248,615.5748,0.854131,0.14586910,0.42706545,0.42706545,3.21277752e+00,9.40614750e+00,9.40614750e+00
95.7500,0.638333,15.01631,342.4248,615.5748,0.854131,0.14586910,0.42706545,0.42706545,3.21277752e+00,9.40614750e+00,9.40614750e+00
96.0000,0.640000,15.05552,342.4248,615.5748,0.854131,0.14586910,0.42706545,0.42706545,3.21277752e+00,9.40614750e+00,9.40614750e+00
96.2500,0.641667,15.09472,342.4248,615.5748,0.854131,0.14586910,0.42706545,0.42706545,3.21277752e+00,9.40614750e+00,9.40614750e+00
96.5000,0.643333,15.13393,342.4248,615.5748,0.854131,0.14586910,0.42706545,0.42706545,3.21277752e+00,9.40614750e+00,9.40614750e+00
96.7500,0.645000,15.17314,342.4248,615.5748,0.854131,0.14586910,0.42706545,0.42706545,3.21277752e+00,9.40614750e+00,9.40614750e+00
97.0000,0.646667,15.21235,342.4248,615.5748,0.854131,0.14586910,0.42706545,0.42706545,3.21277752e+00,9.40614750e+00,9.40614750e+00
97.2500,0.648333,15.25155,342.4248,615.5748,0.854131,0.14586910,0.42706545,0.42706545,3.21277752e+00,9.40614750e+00,9.40614750e+00
97.5000,0.650000,15.29076,342.4248,615.5748,0.854131,0.14586910,0.42706545,0.42706545,3.21277752e+00,9.40614750e+00,9.40614750e+00
97.7500,0.651667,15.32997,342.4248,615.5748,0.854131,0.14586910,0.42706545,0.42706545,3.21277752e+00,9.40614750e+00,9.40614750e+00
98.0000,0.653333,15.36917,342.4248,615.5748,0.854131,0.14586910,0.42706545,0.42706545,3.21277752e+00,9.40614750e+00,9.40614750e+00
98.2500,0.655000,15.40838,342.4248,615.5748,0.854131,0.14586910,0.42706545,0.42706545,3.21277752e+00,9.40614750e+00,9.40614750e+00
98.5000,0.656667,15.44759,342.4248,615.5748,0.854131,0.14586910,0.42706545,0.42706545,3.21277752e+00,9.40614750e+00,9.40614750e+00
98.7500,0.658333,15.48680,342.4248,615.5748,0.854131,0.14586910,0.42706545,0.42706545,3.21277752e+00,9.40614750e+00,9.40614750e+00
99.0000,0.660000,15.52600,342.4248,615.5748,0.854131,0.14586910,0.42706545,0.42706545,3.21277752e+00,9.40614750e+00,9.40614750e+00
99.2500,0.661667,15.56521,342.4248,615.5748,0.854131,0.14586910,0.42706545,0.42706545,3.21277752e+00,9.40614750e+00,9.40614750e+00
99.5000,0.663333,15.60442,342.4248,615.5748,0.854131,0.14586910,0.42706545,0.42706545,3.21277752e+00,9.40614750e+00,9.40614750e+00
99.7500,0.665000,15.64362,342.4248,615.5748,0.854131,0.14586910,0.42706545,0.42706545,3.21277752e+00,9.40614750e+00,9.40614750e+00
100.0000,0.666667,15.68283,342.4248,615.5748,0.854131,0.14586910,0.42706545,0.42706545,3.21277752e+00,9.40614750e+00,9.40614750e+00
100.2500,0.668333,15.72204,342.4248,615.5748,0.854131,0.14586910,0.42706545,0.42706545,3.21277752e+00,9.40614750e+00,9.40614750e+00
100.5000,0.670000,15.76124,342.4248,615.5748,0.854131,0.14586910,0.42706545,0.42706545,3.21277752e+00,9.40614750e+00,9.40614750e+00
100.7500,0.671667,15.80045,342.4248,615.5748,0.854131,0.14586910,0.42706545,0.42706545,3.21277752e+00,9.40614750e+00,9.40614750e+00
101.0000,0.673333,15.83966,342.4248,615.5748,0.854131,0.14586910,0.42706545,0.42706545,3.21277752e+00,9.40614750e+00,9.40614750e+00
101.2500,0.675000,15.87887,342.4248,615.5748,0.854131,0.14586910,0.42706545,0.42706545,3.21277752e+00,9.40614750e+00,9.40614750e+00
101.5000,0.676667,15.91807,342.4248,615.5748,0.854131,0.14586910,0.42706545,0.42706545,3.21277752e+00,9.40614750e+00,9.40614750e+00
101.7500,0.678333,15.95728,342.4248,615.5748,0.854131,0.14586910,0.42706545,0.42706545,3.21277752e+00,9.40614750e+00,9.40614750e+00
102.0000,0.680000,15.99649,342.4248,615.5748,0.854131,0.14586910,0.42706545,0.42706545,3.21277752e+00,9.40614750e+00,9.40614750e+00
102.2500,0.681667,16.03569,342.4248,615.5748,0.854131,0.14586910,0.42706545,0.42706545,3.21277752e+00,9.40614750e+00,9.40614750e+00
102.5000,0.683333,16.07490,342.4248,615.5748,0.854131,0.14586910,0.42706545,0.42706545,3.21277752e+00,9.40614750e+00,9.40614750e+00
102.7500,0.685000,16.11411,342.4248,615.5748,0.854131,0.14586910,0.42706545,0.42706545,3.21277752e+00,9.40614750e+00,9.40614750e+00
103.0000,0.686667,16.15332,342.4248,615.5748,0.854131,0.14586910,0.42706545,0.42706545,3.21277752e+00,9.40614750e+00,9.40614750e+00
103.2500,0.688333,16.19252,342.4248,615.5748,0.854131,0.14586910,0.42706545,0.42706545,3.21277752e+00,9.40614750e+00,9.40614750e+00
103.5000,0.690000,16.23173,342.4248,615.5748,0.854131,0.14586910,0.42706545,0.42706545,3.21277752e+00,9.40614750e+00,9.40614750e+00
103.7500,0.691667,16.27094,342.4248,615.5748,0.854131,0.14586910,0.42706545,0.42706545,3.21277752e+00,9.40614750e+00,9.40614750e+00
104.0000,0.693333,16.31014,342.4248,615.5748,0.854131,0.14586910,0.42706545,0.42706545,3.21277752e+00,9.40614750e+00,9.40614750e+00
104.2500,0.695000,16.34935,342.4248,615.5748,0.854131,0.14586910,0.42706545,0.42706545,3.21277752e+00,9.40614750e+00,9.40614750e+00
104.5000,0.696667,16.38856,342.4248,615.5748,0.854131,0.14586910,0.42706545,0.42706545,3.21277752e+00,9.40614750e+00,9.40614750e+00
104.7500,0.698333,16.42776,342.4248,615.5748,0.854131,0.14586910,0.42706545,0.42706545,3.21277752e+00,9.40614750e+00,9.40614750e+00
105.0000,0.700000,16.46697,342.4248,615.5748,0.854131,0.14586910,0.42706545,0.42706545,3.21277752e+00,9.40614750e+00,9.40614750e+00
105.2500,0.701667,16.50618,342.4248,615.5748,0.854131,0.14586910,0.42706545,0.42706545,3.21277752e+00,9.40614750e+00,9.40614750e+00
105.5000,0.703333,16.54539,342.4248,615.5748,0.854131,0.14586910,0.42706545,0.42706545,3.21277752e+00,9.40614750e+00,9.40614750e+00
105.7500,0.705000,16.58459,342.4248,615.5748,0.854131,0.14586910,0.42706545,0.42706545,3.21277752e+00,9.40614750e+00,9.40614750e+00
106.0000,0.706667,16.62380,342.4248,615.5748,0.854131,0.14586910,0.42706545,0.42706545,3.21277752e+00,9.40614750e+00,9.40614750e+00
106.2500,0.708333,16.66301,342.4248,615.5748,0.854131,0.14586910,0.42706545,0.42706545,3.21277752e+00,9.40614750e+00,9.40614750e+00
106.5000,0.710000,16.70221,342.4248,615.5748,0.854131,0.14586910,0.42706545,0.42706545,3.21277752e+00,9.40614750e+00,9.40614750e+00
106.7500,0.711667,16.74142,342.4248,615.5748,0.854131,0.14586910,0.42706545,0.42706545,3.21277752e+00,9.40614750e+00,9.40614750e+00
107.0000,0.713333,16.78063,342.4248,615.5748,0.854131,0.14586910,0.42706545,0.42706545,3.21277752e+00,9.40614750e+00,9.40614750e+00
107.2500,0.715000,16.81984,342.4248,615.5748,0.854131,0.14586910,0.42706545,0.42706545,3.21277752e+00,9.40614750e+00,9.40614750e+00
107.5000,0.716667,16.85904,342.4248,615.5748,0.854131,0.14586910,0.42706545,0.42706545,3.21277752e+00,9.40614750e+00,9.40614750e+00
107.7500,0.718333,16.89825,342.4248,615.5748,0.854131,0.14586910,0.42706545,0.42706545,3.21277752e+00,9.40614750e+00,9.40614750e+00
108.0000,0.720000,16.93746,342.4248,615.5748,0.854131,0.14586910,0.42706545,0.42706545,3.21277752e+00,9.40614750e+00,9.40614750e+00
108.2500,0.721667,16.97666,342.4248,615.5748,0.854131,0.14586910,0.42706545,0.42706545,3.21277752e+00,9.40614750e+00,9.40614750e+00
108.5000,0.723333,17.01587,342.4248,615.5748,0.854131,0.14586910,0.42706545,0.42706545,3.21277752e+00,9.40614750e+00,9.40614750e+00
108.7500,0.725000,17.05508,342.4248,615.5748,0.854131,0.14586910,0.42706545,0.42706545,3.21277752e+00,9.40614750e+00,9.40614750e+00
109.0000,0.726667,17.09429,342.4248,615.5748,0.854131,0.14586910,0.42706545,0.42706545,3.21277752e+00,9.40614750e+00,9.40614750e+00
109.2500,0.728333,17.13349,342.4248,615.5748,0.854131,0.14586910,0.42706545,0.42706545,3.21277752e+00,9.40614750e+00,9.40614750e+00
109.5000,0.730000,17.17270,342.4248,615.5748,0.854131,0.14586910,0.42706545,0.42706545,3.21277752e+00,9.40614750e+00,9.40614750e+00
109.7500,0.731667,17.21191,342.4248,615.5748,0.854131,0.14586910,0.42706545,0.42706545,3.21277752e+00,9.40614750e+00,9.40614750e+00
110.0000,0.733333,17.25111,342.4248,615.5748,0.854131,0.14586910,0.42706545,0.42706545,3.21277752e+00,9.40614750e+00,9.40614750e+00
110.2500,0.735000,17.29032,342.4248,615.5748,0.854131,0.14586910,0.42706545,0.42706545,3.21277752e+00,9.40614750e+00,9.40614750e+00
110.5000,0.736667,17.32953,342.4248,615.5748,0.854131,0.14586910,0.42706545,0.42706545,3.21277752e+00,9.40614750e+00,9.40614750e+00
110.7500,0.738333,17.36873,342.4248,615.5748,0.854131,0.14586910,0.42706545,0.42706545,3.21277752e+00,9.40614750e+00,9.40614750e+00
111.0000,0.740000,17.40794,342.4248,615.5748,0.854131,0.14586910,0.42706545,0.42706545,3.21277752e+00,9.40614750e+00,9.40614750e+00
111.2500,0.741667,17.44715,342.4248,615.5748,0.854131,0.14586910,0.42706545,0.42706545,3.21277752e+00,9.40614750e+00,9.40614750e+00
111.5000,0.743333,17.48636,342.4248,615.5748,0.854131,0.14586910,0.42706545,0.42706545,3.21277752e+00,9.40614750e+00,9.40614750e+00
111.7500,0.745000,17.52556,342.4248,615.5748,0.854131,0.14586910,0.42706545,0.42706545,3.21277752e+00,9.40614750e+00,9.40614750e+00
112.0000,0.746667,17.56477,342.4248,615.5748,0.854131,0.14586910,0.42706545,0.42706545,3.21277752e+00,9.40614750e+00,9.40614750e+00
112.2500,0.748333,17.60398,342.4248,615.5748,0.854131,0.14586910,0.42706545,0.42706545,3.21277752e+00,9.40614750e+00,9.40614750e+00
112.5000,0.750000,17.64318,342.4248,615.5748,0.854131,0.14586910,0.42706545,0.42706545,3.21277752e+00,9.40614750e+00,9.40614750e+00
112.7500,0.751667,17.68239,342.4248,615.5748,0.854131,0.14586910,0.42706545,0.42706545,3.21277752e+00,9.40614750e+00,9.40614750e+00
113.0000,0.753333,17.72160,342.4248,615.5748,0.854131,0.14586910,0.42706545,0.42706545,3.21277752e+00,9.40614750e+00,9.40614750e+00
113.2500,0.755000,17.76081,342.4248,615.5748,0.854131,0.14586910,0.42706545,0.42706545,3.21277752e+00,9.40614750e+00,9.40614750e+00
113.5000,0.756667,17.80001,342.4248,615.5748,0.854131,0.14586910,0.42706545,0.42706545,3.21277752e+00,9.40614750e+00,9.40614750e+00
113.7500,0.758333,17.83922,342.4248,615.5748,0.854131,0.14586910,0.42706545,0.42706545,3.21277752e+00,9.40614750e+00,9.40614750e+00
114.0000,0.760000,17.87843,342.4248,615.5748,0.854131,0.14586910,0.42706545,0.42706545,3.21277752e+00,9.40614750e+00,9.40614750e+00
114.2500,0.761667,17.91763,342.4248,615.5748,0.854131,0.14586910,0.42706545,0.42706545,3.21277752e+00,9.40614750e+00,9.40614750e+00
114.5000,0.763333,17.95684,342.4248,615.5748,0.854131,0.14586910,0.42706545,0.42706545,3.21277752e+00,9.40614750e+00,9.40614750e+00
114.7500,0.765000,17.99605,342.4248,615.5748,0.854131,0.14586910,0.42706545,0.42706545,3.21277752e+00,9.40614750e+00,9.40614750e+00
115.0000,0.766667,18.03526,342.4248,615.5748,0.854131,0.14586910,0.42706545,0.42706545,3.21277752e+00,9.40614750e+00,9.40614750e+00
115.2500,0.768333,18.07446,342.4248,615.5748,0.854131,0.14586910,0.42706545,0.42706545,3.21277752e+00,9.40614750e+00,9.40614750e+00
115.5000,0.770000,18.11367,342.4248,615.5748,0.854131,0.14586910,0.42706545,0.42706545,3.21277752e+00,9.40614750e+00,9.40614750e+00
115.7500,0.771667,18.15288,342.4248,615.5748,0.854131,0.14586910,0.42706545,0.42706545,3.21277752e+00,9.40614750e+00,9.40614750e+00
116.0000,0.773333,18.19208,342.4248,615.5748,0.854131,0.14586910,0.42706545,0.42706545,3.21277752e+00,9.40614750e+00,9.40614750e+00
116.2500,0.775000,18.23129,342.4248,615.5748,0.854131,0.14586910,0.42706545,0.42706545,3.21277752e+00,9.40614750e+00,9.40614750e+00
116.5000,0.776667,18.27050,342.4248,615.5748,0.854131,0.14586910,0.42706545,0.42706545,3.21277752e+00,9.40614750e+00,9.40614750e+00
116.7500,0.778333,18.30970,342.4248,615.5748,0.854131,0.14586910,0.42706545,0.42706545,3.21277752e+00,9.40614750e+00,9.40614750e+00
117.0000,0.780000,18.34891,342.4248,615.5748,0.854131,0.14586910,0.42706545,0.42706545,3.21277752e+00,9.40614750e+00,9.40614750e+00
117.2500,0.781667,18.38812,342.4248,615.5748,0.854131,0.14586910,0.42706545,0.42706545,3.21277752e+00,9.40614750e+00,9.40614750e+00
117.5000,0.783333,18.42733,342.4248,615.5748,0.854131,0.14586910,0.42706545,0.42706545,3.21277752e+00,9.40614750e+00,9.40614750e+00
117.7500,0.785000,18.46653,342.4248,615.5748,0.854131,0.14586910,0.42706545,0.42706545,3.21277752e+00,9.40614750e+00,9.40614750e+00
118.0000,0.786667,18.50574,342.4248,615.5748,0.854131,0.14586910,0.42706545,0.42706545,3.21277752e+00,9.40614750e+00,9.40614750e+00
118.2500,0.788333,18.54495,342.4248,615.5748,0.854131,0.14586910,0.42706545,0.42706545,3.21277752e+00,9.40614750e+00,9.40614750e+00
118.5000,0.790000,18.58415,342.4248,615.5748,0.854131,0.14586910,0.42706545,0.42706545,3.21277752e+00,9.40614750e+00,9.40614750e+00
118.7500,0.791667,18.62336,342.4248,615.5748,0.854131,0.14586910,0.42706545,0.42706545,3.21277752e+00,9.40614750e+00,9.40614750e+00
119.0000,0.793333,18.66257,342.4248,615.5748,0.854131,0.14586910,0.42706545,0.42706545,3.21277752e+00,9.40614750e+00,9.40614750e+00
119.2500,0.795000,18.70178,342.4248,615.5748,0.854131,0.14586910,0.42706545,0.42706545,3.21277752e+00,9.40614750e+00,9.40614750e+00
119.5000,0.796667,18.74098,342.4248,615.5748,0.854131,0.14586910,0.42706545,0.42706545,3.21277752e+00,9.40614750e+00,9.40614750e+00
119.7500,0.798333,18.78019,342.4248,615.5748,0.854131,0.14586910,0.42706545,0.42706545,3.21277752e+00,9.40614750e+00,9.40614750e+00
120.0000,0.800000,18.81940,342.4248,615.5748,0.854131,0.14586910,0.42706545,0.42706545,3.21277752e+00,9.40614750e+00,9.40614750e+00
120.2500,0.801667,18.85860,342.4248,615.5748,0.854131,0.14586910,0.42706545,0.42706545,3.21277752e+00,9.40614750e+00,9.40614750e+00
120.5000,0.803333,18.89781,342.4248,615.5748,0.854131,0.14586910,0.42706545,0.42706545,3.21277752e+00,9.40614750e+00,9.40614750e+00
120.7500,0.805000,18.93702,342.4248,615.5748,0.854131,0.14586910,0.42706545,0.42706545,3.21277752e+00,9.40614750e+00,9.40614750e+00
121.0000,0.806667,18.97622,342.4248,615.5748,0.854131,0.14586910,0.42706545,0.42706545,3.21277752e+00,9.40614750e+00,9.40614750e+00
121.2500,0.808333,19.01543,342.4248,615.5748,0.854131,0.14586910,0.42706545,0.42706545,3.21277752e+00,9.40614750e+00,9.40614750e+00
121.5000,0.810000,19.05464,342.4248,615.5748,0.854131,0.14586910,0.42706545,0.42706545,3.21277752e+00,9.40614750e+00,9.40614750e+00
121.7500,0.811667,19.09385,342.4248,615.5748,0.854131,0.14586910,0.42706545,0.42706545,3.21277752e+00,9.40614750e+00,9.40614750e+00
122.0000,0.813333,19.13305,342.4248,615.5748,0.854131,0.14586910,0.42706545,0.42706545,3.21277752e+00,9.40614750e+00,9.40614750e+00
122.2500,0.815000,19.17226,342.4248,615.5748,0.854131,0.14586910,0.42706545,0.42706545,3.21277752e+00,9.40614750e+00,9.40614750e+00
122.5000,0.816667,19.21147,342.4248,615.5748,0.854131,0.14586910,0.42706545,0.42706545,3.21277752e+00,9.40614750e+00,9.40614750e+00
122.7500,0.818333,19.25067,342.4248,615.5748,0.854131,0.14586910,0.42706545,0.42706545,3.21277752e+00,9.40614750e+00,9.40614750e+00
123.0000,0.820000,19.28988,342.4248,615.5748,0.854131,0.14586910,0.42706545,0.42706545,3.21277752e+00,9.40614750e+00,9.40614750e+00
123.2500,0.821667,19.32909,342.4248,615.5748,0.854131,0.14586910,0.42706545,0.42706545,3.21277752e+00,9.40614750e+00,9.40614750e+00
123.5000,0.823333,19.36830,342.4248,615.5748,0.854131,0.14586910,0.42706545,0.42706545,3.21277752e+00,9.40614750e+00,9.40614750e+00
123.7500,0.825000,19.40750,342.4248,615.5748,0.854131,0.14586910,0.42706545,0.42706545,3.21277752e+00,9.40614750e+00,9.40614750e+00
124.0000,0.826667,19.44671,342.4248,615.5748,0.854131,0.14586910,0.42706545,0.42706545,3.21277752e+00,9.40614750e+00,9.40614750e+00
124.2500,0.828333,19.48592,342.4248,615.5748,0.854131,0.14586910,0.42706545,0.42706545,3.21277752e+00,9.40614750e+00,9.40614750e+00
124.5000,0.830000,19.52512,342.4248,615.5748,0.854131,0.14586910,0.42706545,0.42706545,3.21277752e+00,9.40614750e+00,9.40614750e+00
124.7500,0.831667,19.56433,342.4248,615.5748,0.854131,0.14586910,0.42706545,0.42706545,3.21277752e+00,9.40614750e+00,9.40614750e+00
125.0000,0.833333,19.60354,342.4248,615.5748,0.854131,0.14586910,0.42706545,0.42706545,3.21277752e+00,9.40614750e+00,9.40614750e+00
125.2500,0.835000,19.64275,342.4248,615.5748,0.854131,0.14586910,0.42706545,0.42706545,3.21277752e+00,9.40614750e+00,9.40614750e+00
125.5000,0.836667,19.68195,342.4248,615.5748,0.854131,0.14586910,0.42706545,0.42706545,3.21277752e+00,9.40614750e+00,9.40614750e+00
125.7500,0.838333,19.72116,342.4248,615.5748,0.854131,0.14586910,0.42706545,0.42706545,3.21277752e+00,9.40614750e+00,9.40614750e+00
126.0000,0.840000,19.76037,342.4248,615.5748,0.854131,0.14586910,0.42706545,0.42706545,3.21277752e+00,9.40614750e+00,9.40614750e+00
126.2500,0.841667,19.79957,342.4248,615.5748,0.854131,0.14586910,0.42706545,0.42706545,3.21277752e+00,9.40614750e+00,9.40614750e+00
126.5000,0.843333,19.83878,342.4248,615.5748,0.854131,0.14586910,0.42706545,0.42706545,3.21277752e+00,9.40614750e+00,9.40614750e+00
126.7500,0.845000,19.87799,342.4248,615.5748,0.854131,0.14586910,0.42706545,0.42706545,3.21277752e+00,9.40614750e+00,9.40614750e+00
127.0000,0.846667,19.91719,342.4248,615.5748,0.854131,0.14586910,0.42706545,0.42706545,3.21277752e+00,9.40614750e+00,9.40614750e+00
127.2500,0.848333,19.95640,342.4248,615.5748,0.854131,0.14586910,0.42706545,0.42706545,3.21277752e+00,9.40614750e+00,9.40614750e+00
127.5000,0.850000,19.99561,342.4248,615.5748,0.854131,0.14586910,0.42706545,0.42706545,3.21277752e+00,9.40614750e+00,9.40614750e+00
127.7500,0.851667,20.03482,342.4248,615.5748,0.854131,0.14586910,0.42706545,0.42706545,3.21277752e+00,9.40614750e+00,9.40614750e+00
128.0000,0.853333,20.07402,342.4248,615.5748,0.854131,0.14586910,0.42706545,0.42706545,3.21277752e+00,9.40614750e+00,9.40614750e+00
128.2500,0.855000,20.11323,342.4248,615.5748,0.854131,0.14586910,0.42706545,0.42706545,3.21277752e+00,9.40614750e+00,9.40614750e+00
128.5000,0.856667,20.15244,342.4248,615.5748,0.854131,0.14586910,0.42706545,0.42706545,3.21277752e+00,9.40614750e+00,9.40614750e+00
128.7500,0.858333,20.19164,342.4248,615.5748,0.854131,0.14586910,0.42706545,0.42706545,3.21277752e+00,9.40614750e+00,9.40614750e+00
129.0000,0.860000,20.23085,342.4248,615.5748,0.854131,0.14586910,0.42706545,0.42706545,3.21277752e+00,9.40614750e+00,9.40614750e+00
129.2500,0.861667,20.27006,342.4248,615.5748,0.854131,0.14586910,0.42706545,0.42706545,3.21277752e+00,9.40614750e+00,9.40614750e+00
129.5000,0.863333,20.30927,342.4248,615.5748,0.854131,0.14586910,0.42706545,0.42706545,3.21277752e+00,9.40614750e+00,9.40614750e+00
129.7500,0.865000,20.34847,342.4248,615.5748,0.854131,0.14586910,0.42706545,0.42706545,3.21277752e+00,9.40614750e+00,9.40614750e+00
130.0000,0.866667,20.38768,342.4248,615.5748,0.854131,0.14586910,0.42706545,0.42706545,3.21277752e+00,9.40614750e+00,9.40614750e+00
130.2500,0.868333,20.42689,342.4248,615.5748,0.854131,0.14586910,0.42706545,0.42706545,3.21277752e+00,9.40614750e+00,9.40614750e+00
130.5000,0.870000,20.46609,342.4248,615.5748,0.854131,0.14586910,0.42706545,0.42706545,3.21277752e+00,9.40614750e+00,9.40614750e+00
130.7500,0.871667,20.50530,342.4248,615.5748,0.854131,0.14586910,0.42706545,0.42706545,3.21277752e+00,9.40614750e+00,9.40614750e+00
131.0000,0.873333,20.54451,342.4248,615.5748,0.854131,0.14586910,0.42706545,0.42706545,3.21277752e+00,9.40614750e+00,9.40614750e+00
131.2500,0.875000,20.58372,342.4248,615.5748,0.854131,0.14586910,0.42706545,0.42706545,3.21277752e+00,9.40614750e+00,9.40614750e+00
131.5000,0.876667,20.62292,342.4248,615.5748,0.854131,0.14586910,0.42706545,0.42706545,3.21277752e+00,9.40614750e+00,9.40614750e+00
131.7500,0.878333,20.66213,342.4248,615.5748,0.854131,0.14586910,0.42706545,0.42706545,3.21277752e+00,9.40614750e+00,9.40614750e+00
132.0000,0.880000,20.70134,342.4248,615.5748,0.854131,0.14586910,0.42706545,0.42706545,3.21277752e+00,9.40614750e+00,9.40614750e+00
132.2500,0.881667,20.74054,342.4248,615.5748,0.854131,0.14586910,0.42706545,0.42706545,3.21277752e+00,9.40614750e+00,9.40614750e+00
132.5000,0.883333,20.77975,342.4248,615.5748,0.854131,0.14586910,0.42706545,0.42706545,3.21277752e+00,9.40614750e+00,9.40614750e+00
132.7500,0.885000,20.81896,342.4248,615.5748,0.854131,0.14586910,0.42706545,0.42706545,3.21277752e+00,9.40614750e+00,9.40614750e+00
133.0000,0.886667,20.85816,342.4248,615.5748,0.854131,0.14586910,0.42706545,0.42706545,3.21277752e+00,9.40614750e+00,9.40614750e+00
133.2500,0.888333,20.89737,342.4248,615.5748,0.854131,0.14586910,0.42706545,0.42706545,3.21277752e+00,9.40614750e+00,9.40614750e+00
133.5000,0.890000,20.93658,342.4248,615.5748,0.854131,0.14586910,0.42706545,0.42706545,3.21277752e+00,9.40614750e+00,9.40614750e+00
133.7500,0.891667,20.97579,342.4248,615.5748,0.854131,0.14586910,0.42706545,0.42706545,3.21277752e+00,9.40614750e+00,9.40614750e+00
134.0000,0.893333,21.01499,342.4248,615.5748,0.854131,0.14586910,0.42706545,0.42706545,3.21277752e+00,9.40614750e+00,9.40614750e+00
134.2500,0.895000,21.05420,342.4248,615.5748,0.854131,0.14586910,0.42706545,0.42706545,3.21277752e+00,9.40614750e+00,9.40614750e+00
134.5000,0.896667,21.09341,342.4248,615.5748,0.854131,0.14586910,0.42706545,0.42706545,3.21277752e+00,9.40614750e+00,9.40614750e+00
134.7500,0.898333,21.13261,342.4248,615.5748,0.854131,0.14586910,0.42706545,0.42706545,3.21277752e+00,9.40614750e+00,9.40614750e+00
135.0000,0.900000,21.17182,342.4248,615.5748,0.854131,0.14586910,0.42706545,0.42706545,3.21277752e+00,9.40614750e+00,9.40614750e+00
135.2500,0.901667,21.21103,342.4248,615.5748,0.854131,0.14586910,0.42706545,0.42706545,3.21277752e+00,9.40614750e+00,9.40614750e+00
135.5000,0.903333,21.25024,342.4248,615.5748,0.854131,0.14586910,0.42706545,0.42706545,3.21277752e+00,9.40614750e+00,9.40614750e+00
135.7500,0.905000,21.28944,342.4248,615.5748,0.854131,0.14586910,0.42706545,0.42706545,3.21277752e+00,9.40614750e+00,9.40614750e+00
136.0000,0.906667,21.32865,342.4248,615.5748,0.854131,0.14586910,0.42706545,0.42706545,3.21277752e+00,9.40614750e+00,9.40614750e+00
136.2500,0.908333,21.36786,342.4248,615.5748,0.854131,0.14586910,0.42706545,0.42706545,3.21277752e+00,9.40614750e+00,9.40614750e+00
136.5000,0.910000,21.40706,342.4248,615.5748,0.854131,0.14586910,0.42706545,0.42706545,3.21277752e+00,9.40614750e+00,9.40614750e+00
136.7500,0.911667,21.44627,342.4248,615.5748,0.854131,0.14586910,0.42706545,0.42706545,3.21277752e+00,9.40614750e+00,9.40614750e+00
137.0000,0.913333,21.48548,342.4248,615.5748,0.854131,0.14586910,0.42706545,0.42706545,3.21277752e+00,9.40614750e+00,9.40614750e+00
137.2500,0.915000,21.52468,342.4248,615.5748,0.854131,0.14586910,0.42706545,0.42706545,3.21277752e+00,9.40614750e+00,9.40614750e+00
137.5000,0.916667,21.56389,342.4248,615.5748,0.854131,0.14586910,0.42706545,0.42706545,3.21277752e+00,9.40614750e+00,9.40614750e+00
137.7500,0.918333,21.60310,342.4248,615.5748,0.854131,0.14586910,0.42706545,0.42706545,3.21277752e+00,9.40614750e+00,9.40614750e+00
138.0000,0.920000,21.64231,342.4248,615.5748,0.854131,0.14586910,0.42706545,0.42706545,3.21277752e+00,9.40614750e+00,9.40614750e+00
138.2500,0.921667,21.68151,342.4248,615.5748,0.854131,0.14586910,0.42706545,0.42706545,3.21277752e+00,9.40614750e+00,9.40614750e+00
138.5000,0.923333,21.72072,342.4248,615.5748,0.854131,0.14586910,0.42706545,0.42706545,3.21277752e+00,9.40614750e+00,9.40614750e+00
138.7500,0.925000,21.75993,342.4248,615.5748,0.854131,0.14586910,0.42706545,0.42706545,3.21277752e+00,9.40614750e+00,9.40614750e+00
139.0000,0.926667,21.79913,342.4248,615.5748,0.854131,0.14586910,0.42706545,0.42706545,3.21277752e+00,9.40614750e+00,9.40614750e+00
139.2500,0.928333,21.83834,342.4248,615.5748,0.854131,0.14586910,0.42706545,0.42706545,3.21277752e+00,9.40614750e+00,9.40614750e+00
139.5000,0.930000,21.87755,342.4248,615.5748,0.854131,0.14586910,0.42706545,0.42706545,3.21277752e+00,9.40614750e+00,9.40614750e+00
139.7500,0.931667,21.91676,342.4248,615.5748,0.854131,0.14586910,0.42706545,0.42706545,3.21277752e+00,9.40614750e+00,9.40614750e+00
140.0000,0.933333,21.95596,342.4248,615.5748,0.854131,0.14586910,0.42706545,0.42706545,3.21277752e+00,9.40614750e+00,9.40614750e+00
140.2500,0.935000,21.99517,342.4248,615.5748,0.854131,0.14586910,0.42706545,0.42706545,3.21277752e+00,9.40614750e+00,9.40614750e+00
140.5000,0.936667,22.03438,342.4248,615.5748,0.854131,0.14586910,0.42706545,0.42706545,3.21277752e+00,9.40614750e+00,9.40614750e+00
140.7500,0.938333,22.07358,342.4248,615.5748,0.854131,0.14586910,0.42706545,0.42706545,3.21277752e+00,9.40614750e+00,9.40614750e+00
141.0000,0.940000,22.11279,342.4248,615.5748,0.854131,0.14586910,0.42706545,0.42706545,3.21277752e+00,9.40614750e+00,9.40614750e+00
141.2500,0.941667,22.15200,342.4248,615.5748,0.854131,0.14586910,0.42706545,0.42706545,3.21277752e+00,9.40614750e+00,9.40614750e+00
141.5000,0.943333,22.19121,342.4248,615.5748,0.854131,0.14586910,0.42706545,0.42706545,3.21277752e+00,9.40614750e+00,9.40614750e+00
141.7500,0.945000,22.23041,342.4248,615.5748,0.854131,0.14586910,0.42706545,0.42706545,3.21277752e+00,9.40614750e+00,9.40614750e+00
142.0000,0.946667,22.26962,342.4248,615.5748,0.854131,0.14586910,0.42706545,0.42706545,3.21277752e+00,9.40614750e+00,9.40614750e+00
142.2500,0.948333,22.30883,342.4248,615.5748,0.854131,0.14586910,0.42706545,0.42706545,3.21277752e+00,9.40614750e+00,9.40614750e+00
142.5000,0.950000,22.34803,342.4248,615.5748,0.854131,0.14586910,0.42706545,0.42706545,3.21277752e+00,9.40614750e+00,9.40614750e+00
142.7500,0.951667,22.38724,342.4248,615.5748,0.854131,0.14586910,0.42706545,0.42706545,3.21277752e+00,9.40614750e+00,9.40614750e+00
143.0000,0.953333,22.42645,342.4248,615.5748,0.854131,0.14586910,0.42706545,0.42706545,3.21277752e+00,9.40614750e+00,9.40614750e+00
143.2500,0.955000,22.46565,342.4248,615.5748,0.854131,0.14586910,0.42706545,0.42706545,3.21277752e+00,9.40614750e+00,9.40614750e+00
143.5000,0.956667,22.50486,342.4248,615.5748,0.854131,0.14586910,0.42706545,0.42706545,3.21277752e+00,9.40614750e+00,9.40614750e+00
143.7500,0.958333,22.54407,342.4248,615.5748,0.854131,0.14586910,0.42706545,0.42706545,3.21277752e+00,9.40614750e+00,9.40614750e+00
144.0000,0.960000,22.58328,342.4248,615.5748,0.854131,0.14586910,0.42706545,0.42706545,3.21277752e+00,9.40614750e+00,9.40614750e+00
144.2500,0.961667,22.62248,342.4248,615.5748,0.854131,0.14586910,0.42706545,0.42706545,3.21277752e+00,9.40614750e+00,9.40614750e+00
144.5000,0.963333,22.66169,342.4248,615.5748,0.854131,0.14586910,0.42706545,0.42706545,3.21277752e+00,9.40614750e+00,9.40614750e+00
144.7500,0.965000,22.70090,342.4248,615.5748,0.854131,0.14586910,0.42706545,0.42706545,3.21277752e+00,9.40614750e+00,9.40614750e+00
145.0000,0.966667,22.74010,342.4248,615.5748,0.854131,0.14586910,0.42706545,0.42706545,3.21277752e+00,9.40614750e+00,9.40614750e+00
145.2500,0.968333,22.77931,342.4248,615.5748,0.854131,0.14586910,0.42706545,0.42706545,3.21277752e+00,9.40614750e+00,9.40614750e+00
145.5000,0.970000,22.81852,342.4248,615.5748,0.854131,0.14586910,0.42706545,0.42706545,3.21277752e+00,9.40614750e+00,9.40614750e+00
145.7500,0.971667,22.85773,342.4248,615.5748,0.854131,0.14586910,0.42706545,0.42706545,3.21277752e+00,9.40614750e+00,9.40614750e+00
146.0000,0.973333,22.89693,342.4248,615.5748,0.854131,0.14586910,0.42706545,0.42706545,3.21277752e+00,9.40614750e+00,9.40614750e+00
146.2500,0.975000,22.93614,342.4248,615.5748,0.854131,0.14586910,0.42706545,0.42706545,3.21277752e+00,9.40614750e+00,9.40614750e+00
146.5000,0.976667,22.97535,342.4248,615.5748,0.854131,0.14586910,0.42706545,0.42706545,3.21277752e+00,9.40614750e+00,9.40614750e+00
146.7500,0.978333,23.01455,342.4248,615.5748,0.854131,0.14586910,0.42706545,0.42706545,3.21277752e+00,9.40614750e+00,9.40614750e+00
147.0000,0.980000,23.05376,342.4248,615.5748,0.854131,0.14586910,0.42706545,0.42706545,3.21277752e+00,9.40614750e+00,9.40614750e+00
147.2500,0.981667,23.09297,342.4248,615.5748,0.854131,0.14586910,0.42706545,0.42706545,3.21277752e+00,9.40614750e+00,9.40614750e+00
147.5000,0.983333,23.13218,342.4248,615.5748,0.854131,0.14586910,0.42706545,0.42706545,3.21277752e+00,9.40614750e+00,9.40614750e+00
147.7500,0.985000,23.17138,342.4248,615.5748,0.854131,0.14586910,0.42706545,0.42706545,3.21277752e+00,9.40614750e+00,9.40614750e+00
148.0000,0.986667,23.21059,342.4248,615.5748,0.854131,0.14586910,0.42706545,0.42706545,3.21277752e+00,9.40614750e+00,9.40614750e+00
148.2500,0.988333,23.24980,342.4248,615.5748,0.854131,0.14586910,0.42706545,0.42706545,3.21277752e+00,9.40614750e+00,9.40614750e+00
148.5000,0.990000,23.28900,342.4248,615.5748,0.854131,0.14586910,0.42706545,0.42706545,3.21277752e+00,9.40614750e+00,9.40614750e+00
148.7500,0.991667,23.32821,342.4248,615.5748,0.854131,0.14586910,0.42706545,0.42706545,3.21277752e+00,9.40614750e+00,9.40614750e+00
149.0000,0.993333,23.36742,342.4248,615.5748,0.854131,0.14586910,0.42706545,0.42706545,3.21277752e+00,9.40614750e+00,9.40614750e+00
149.2500,0.995000,23.40662,342.4248,615.5748,0.854131,0.14586910,0.42706545,0.42706545,3.21277752e+00,9.40614750e+00,9.40614750e+00
149.5000,0.996667,23.44583,342.4248,615.5748,0.854131,0.14586910,0.42706545,0.42706545,3.21277752e+00,9.40614750e+00,9.40614750e+00
149.7500,0.998333,23.48504,342.4248,615.5748,0.854131,0.14586910,0.42706545,0.42706545,3.21277752e+00,9.40614750e+00,9.40614750e+00
150.0000,1.000000,23.52425,342.4248,615.5748,0.854131,0.14586910,0.42706545,0.42706545,3.21277752e+00,9.40614750e+00,9.40614750e+00
